system,name,chain,resid,resname,vdw,eel,egb,enpol,total,sd,sem
HCG_VNAR,H98E,VNAR,371,ASP,-2.9533300000000007,-97.99794000000001,94.70154000000002,0.0,-6.2497299999999925,2.285632047618351,0.22856320476183511
HCG_VNAR,H98E,VNAR,374,ILE,-4.692970000000001,-0.6457400000000001,0.5592800000000001,0.0,-4.779430000000001,0.822913412881317,0.0822913412881317
HCG_VNAR,H98E,antigen,224,ARG,-1.2279399999999998,-77.87924000000002,74.36981,0.0,-4.737369999999996,1.8684985397639575,0.18684985397639575
HCG_VNAR,H98E,antigen,50,ASN,0.29908999999999997,-11.366059999999997,6.916220000000001,0.0,-4.1507499999999995,0.6476457268445488,0.06476457268445487
HCG_VNAR,H98E,antigen,34,ALA,-2.470680000000001,-5.8949099999999985,4.54261,0.0,-3.822980000000001,0.7850948347811221,0.07850948347811221
HCG_VNAR,H98E,antigen,255,ASN,-2.2067200000000007,-12.470280000000002,11.851949999999997,0.0,-2.8250500000000005,2.7344053626885674,0.2734405362688567
HCG_VNAR,H98E,antigen,142,LYS,-1.44452,-85.1512,83.82305999999996,0.0,-2.7726600000000023,1.889400196993741,0.1889400196993741
HCG_VNAR,H98E,antigen,35,THR,-1.5106900000000005,-7.527539999999999,6.606499999999996,0.0,-2.431730000000001,1.271422241861451,0.1271422241861451
HCG_VNAR,H98E,antigen,256,ARG,-1.19248,-66.57907000000003,65.44095999999999,0.0,-2.330589999999998,2.2967563261913515,0.22967563261913515
HCG_VNAR,H98E,antigen,200,THR,-1.6103600000000007,-2.705749999999999,2.0502699999999994,0.0,-2.2658399999999994,1.6668748166554086,0.16668748166554087
HCG_VNAR,H98E,antigen,33,ASN,-2.1310900000000004,-5.16575,5.125569999999999,0.0,-2.1712700000000003,0.9584665967575527,0.09584665967575527
HCG_VNAR,H98E,antigen,126,HIE,-2.3275199999999994,-6.324180000000004,6.5531700000000015,0.0,-2.0985300000000007,0.7042914518152265,0.07042914518152264
HCG_VNAR,H98E,antigen,264,LYS,-0.13103,-85.69937,83.77698000000002,0.0,-2.053419999999999,1.9270689929527727,0.19270689929527726
HCG_VNAR,H98E,VNAR,368,VAL,-2.8137599999999985,0.9659199999999992,-0.17502999999999996,0.0,-2.02287,0.5115890275406583,0.05115890275406583
HCG_VNAR,H98E,VNAR,382,TYR,-2.97706,-0.9197900000000004,1.8834800000000005,0.0,-2.01337,1.0966665095187307,0.10966665095187307
HCG_VNAR,H98E,antigen,32,ILE,-2.057019999999999,-2.366760000000001,2.446069999999999,0.0,-1.97771,0.45076624307949226,0.045076624307949224
HCG_VNAR,H98E,antigen,222,PHE,-3.237110000000001,-1.4966799999999985,3.228560000000001,0.0,-1.5052299999999996,0.40774957645594295,0.040774957645594294
HCG_VNAR,H98E,antigen,198,GLU,-2.2143200000000003,28.21527999999998,-27.420990000000007,0.0,-1.4200300000000015,1.5499003997354137,0.15499003997354138
HCG_VNAR,H98E,antigen,212,ALA,-1.6390499999999997,-0.8733799999999993,1.0954699999999997,0.0,-1.416959999999998,1.1698570675086772,0.11698570675086772
HCG_VNAR,H98E,VNAR,376,GLU,-1.49401,-89.48146000000004,89.55870000000003,0.0,-1.4167699999999994,1.2848968040663824,0.12848968040663825
HCG_VNAR,H98E,VNAR,378,TYR,-3.431570000000001,-0.27833000000000013,2.3547199999999995,0.0,-1.35518,0.7657511917065497,0.07657511917065497
HCG_VNAR,H98E,VNAR,309,VAL,-1.2376399999999999,-1.68026,1.5785600000000002,0.0,-1.3393400000000002,0.6960010663784939,0.0696001066378494
HCG_VNAR,H98E,VNAR,379,GLU,-0.5798099999999998,-65.61714999999995,65.03512,0.0,-1.161839999999999,1.4393726252781107,0.14393726252781108
HCG_VNAR,H98E,VNAR,372,THR,-3.0477100000000013,-1.6060899999999996,3.500149999999999,0.0,-1.1536500000000005,1.2551265623434158,0.12551265623434157
HCG_VNAR,H98E,antigen,201,LEU,-1.4221499999999998,-3.699110000000002,4.015920000000001,0.0,-1.1053400000000002,1.9357191749838083,0.19357191749838082
HCG_VNAR,H98E,antigen,213,PRO,-1.0980500000000002,0.9846400000000004,-0.97503,0.0,-1.0884400000000012,1.0282553799518865,0.10282553799518865
HCG_VNAR,H98E,VNAR,343,LYS,-0.28771000000000013,28.97724,-27.351299999999984,0.0,1.3382299999999996,1.7823398208815306,0.17823398208815305
HCG_VNAR,H98E,VNAR,363,LYS,-0.7170700000000001,27.65312999999999,-25.44960000000001,0.0,1.4864599999999988,2.6853877277592537,0.26853877277592536
HCG_VNAR,H98E,antigen,245,GLU,-0.4940200000000001,53.96400999999998,-51.78780999999998,0.0,1.6821800000000005,1.5352285978316063,0.15352285978316063
HCG_VNAR,H98E,VNAR,383,GLU,-2.6695300000000004,-41.64854,46.975760000000015,0.0,2.657690000000001,2.6379861170787104,0.26379861170787106
HCG_VNAR,H98E,VNAR,375,ASP,-3.7905499999999996,-115.26697999999999,122.45996,0.0,3.4024300000000007,2.7892710024484875,0.27892710024484874
HCG_VNAR,H98E,VNAR,282,VAL,-0.65829,54.03423,-48.91869999999999,0.0,4.45724,3.650815679050367,0.3650815679050367
HCG_VNAR,I93T_M96Y,antigen,30,ARG,1.2288199999999998,-79.09287,66.69538999999997,0.0,-11.16866,1.2957808705178484,0.12957808705178483
HCG_VNAR,I93T_M96Y,antigen,26,ARG,-1.1715099999999998,-68.52996,60.79891000000001,0.0,-8.902560000000001,3.421254171557549,0.3421254171557549
HCG_VNAR,I93T_M96Y,antigen,222,PHE,-3.6907900000000007,-5.5558000000000005,4.367330000000001,0.0,-4.879260000000001,0.5156118233710194,0.05156118233710194
HCG_VNAR,I93T_M96Y,VNAR,282,VAL,0.5019999999999998,17.58405,-21.88777,0.0,-3.8017200000000044,1.2913224080763004,0.12913224080763003
HCG_VNAR,I93T_M96Y,VNAR,381,TYR,-2.55103,-8.341420000000001,7.116500000000002,0.0,-3.7759500000000012,0.7494518046545751,0.0749451804654575
HCG_VNAR,I93T_M96Y,antigen,19,TRP,-4.51638,0.41387999999999975,0.49548000000000014,0.0,-3.6070200000000003,0.8327283708388983,0.08327283708388983
HCG_VNAR,I93T_M96Y,VNAR,377,TYR,-2.6629,-3.5159799999999994,2.7305299999999995,0.0,-3.4483499999999987,1.284219073016753,0.1284219073016753
HCG_VNAR,I93T_M96Y,antigen,170,ARG,-3.4841599999999993,-66.79936,67.06792,0.0,-3.2156000000000016,1.5145192504554115,0.15145192504554114
HCG_VNAR,I93T_M96Y,antigen,168,TYR,-5.920119999999998,-0.4575499999999997,3.48598,0.0,-2.8916899999999996,1.4889440465981258,0.14889440465981257
HCG_VNAR,I93T_M96Y,antigen,224,ARG,-0.74146,-65.05334,63.14048999999999,0.0,-2.6543099999999997,2.2461865848366154,0.22461865848366153
HCG_VNAR,I93T_M96Y,antigen,221,CYS,-1.1714099999999998,-3.1914699999999994,1.7905899999999997,0.0,-2.5722899999999993,0.5732250743817835,0.05732250743817835
HCG_VNAR,I93T_M96Y,VNAR,382,TYR,-6.0798700000000006,-3.576140000000001,7.14988,0.0,-2.506130000000001,1.1435232542891272,0.11435232542891272
HCG_VNAR,I93T_M96Y,antigen,273,CYS,-3.0555000000000003,-6.951179999999997,7.807720000000002,0.0,-2.198959999999999,1.1779304896300127,0.11779304896300127
HCG_VNAR,I93T_M96Y,VNAR,378,TYR,-3.1277399999999993,-0.9956899999999993,2.0752900000000007,0.0,-2.048139999999999,0.3298759773005637,0.03298759773005637
HCG_VNAR,I93T_M96Y,VNAR,307,SER,-2.4552999999999994,-2.341569999999999,2.79012,0.0,-2.0067499999999994,1.4553753974490582,0.14553753974490583
HCG_VNAR,I93T_M96Y,VNAR,388,ILE,-1.6781799999999996,0.6719700000000003,-0.7447400000000001,0.0,-1.7509499999999987,0.4512112227106081,0.04512112227106081
HCG_VNAR,I93T_M96Y,VNAR,371,ASP,-0.22838999999999984,-74.39828000000003,72.936,0.0,-1.690670000000001,1.6235395594502762,0.1623539559450276
HCG_VNAR,I93T_M96Y,VNAR,373,SER,-2.3595099999999998,-4.86284,5.548520000000001,0.0,-1.6738299999999993,0.7856527611483328,0.07856527611483329
HCG_VNAR,I93T_M96Y,antigen,272,HIE,-3.6743500000000004,-2.7377399999999987,4.787030000000001,0.0,-1.62506,0.8913243721563986,0.08913243721563986
HCG_VNAR,I93T_M96Y,VNAR,306,SER,-2.3928700000000003,-1.1896799999999998,2.0282299999999998,0.0,-1.5543199999999997,0.6291352299784204,0.06291352299784204
HCG_VNAR,I93T_M96Y,VNAR,380,ASN,-3.90792,-4.273089999999997,6.6840899999999985,0.0,-1.49692,1.1275097931282,0.11275097931282001
HCG_VNAR,I93T_M96Y,antigen,220,CYS,-0.33727,-3.1022600000000016,1.9526900000000003,0.0,-1.4868400000000002,0.6875696287649686,0.06875696287649687
HCG_VNAR,I93T_M96Y,antigen,34,ALA,-1.2586499999999998,-3.3280199999999986,3.135220000000002,0.0,-1.4514499999999984,0.3737837978029553,0.037378379780295526
HCG_VNAR,I93T_M96Y,antigen,32,ILE,-1.3341299999999996,-2.1884499999999996,2.1291100000000007,0.0,-1.3934699999999995,0.2609136813200847,0.02609136813200847
HCG_VNAR,I93T_M96Y,VNAR,305,GLY,-2.006180000000001,-5.065909999999999,5.71849,0.0,-1.3536000000000004,0.7025479343076869,0.0702547934307687
HCG_VNAR,I93T_M96Y,antigen,25,LEU,-3.6270800000000007,0.45289999999999997,1.8911999999999998,0.0,-1.282980000000001,0.7122550383114182,0.07122550383114182
HCG_VNAR,I93T_M96Y,antigen,199,CYS,-2.1638699999999984,-3.416620000000001,4.305759999999999,0.0,-1.27473,0.5393287653185229,0.05393287653185229
HCG_VNAR,I93T_M96Y,VNAR,383,GLU,-1.3327399999999998,-75.50923999999998,75.57305,0.0,-1.2689299999999994,1.8466563906422873,0.18466563906422873
HCG_VNAR,I93T_M96Y,antigen,55,ALA,-0.6257999999999998,-1.4771999999999996,1.0265400000000002,0.0,-1.076459999999999,0.3288926700308186,0.03288926700308186
HCG_VNAR,I93T_M96Y,VNAR,322,ALA,-2.5189000000000004,0.19671000000000005,1.2638999999999998,0.0,-1.0582900000000006,0.608261116544532,0.060826111654453195
HCG_VNAR,I93T_M96Y,VNAR,324,LYS,-2.27235,31.811589999999995,-30.589299999999998,0.0,-1.05006,0.7049505914601414,0.07049505914601414
HCG_VNAR,I93T_M96Y,antigen,35,THR,-1.2861799999999999,-2.4193799999999994,2.6612299999999998,0.0,-1.04433,0.5067698699607142,0.05067698699607141
HCG_VNAR,I93T_M96Y,VNAR,376,GLU,-1.56261,-103.25093999999997,105.90839999999999,0.0,1.0948500000000003,1.8603431477821517,0.18603431477821517
HCG_VNAR,I93T_M96Y,antigen,167,ASP,-2.4092,52.01853999999999,-48.172979999999995,0.0,1.4363600000000007,1.5686598835949113,0.15686598835949112
HCG_VNAR,I93T_M96Y,antigen,252,LYS,-0.6567500000000003,-5.605409999999997,7.763230000000001,0.0,1.5010700000000012,1.4351744998779723,0.14351744998779722
HCG_VNAR,I93T_M96Y,VNAR,343,LYS,-0.2323099999999999,58.43469999999998,-56.68694999999997,0.0,1.515440000000002,1.062603287403156,0.10626032874031559
HCG_VNAR,I93T_M96Y,VNAR,325,LYS,-0.5801699999999999,52.910689999999995,-50.73031000000001,0.0,1.600210000000001,1.0622082309509737,0.10622082309509737
HCG_VNAR,I93T_M96Y,antigen,198,GLU,-2.35719,6.867210000000004,-2.4408199999999995,0.0,2.0692000000000004,1.7782542675331914,0.17782542675331914
HCG_VNAR,I93T_M96Y,VNAR,374,THR,-1.86651,-0.7835599999999994,4.743169999999998,0.0,2.093100000000001,1.7428098433277215,0.17428098433277214
HCG_VNAR,I93T_M96Y,antigen,2,GLU,-0.7356300000000003,54.97260000000003,-52.11250000000001,0.0,2.124470000000003,2.029094066104378,0.20290940661043783
HCG_VNAR,I93T_M96Y,VNAR,363,LYS,-0.9467899999999997,47.38783999999999,-43.88756999999997,0.0,2.5534799999999978,1.476707252504706,0.1476707252504706
HCG_VNAR,I93V_M96S_D94T_E95S,antigen,26,ARG,-0.90863,-37.41367000000001,27.91637,0.0,-10.405929999999998,1.971352511627492,0.1971352511627492
HCG_VNAR,I93V_M96S_D94T_E95S,antigen,134,ARG,-0.5889400000000002,-40.10922000000001,32.61084,0.0,-8.08732,1.6744450536222404,0.16744450536222405
HCG_VNAR,I93V_M96S_D94T_E95S,antigen,170,ARG,-3.6058099999999986,-80.80447000000001,77.98552,0.0,-6.424759999999999,2.1879178829197397,0.21879178829197396
HCG_VNAR,I93V_M96S_D94T_E95S,antigen,188,HIE,-4.09426,-8.03769,7.912889999999999,0.0,-4.219060000000001,0.9437184836591996,0.09437184836591997
HCG_VNAR,I93V_M96S_D94T_E95S,antigen,1,MET,-0.45187000000000005,-119.23324999999997,115.8645500000001,0.0,-3.8205700000000036,2.1228916140726524,0.21228916140726523
HCG_VNAR,I93V_M96S_D94T_E95S,antigen,222,PHE,-3.221280000000001,-2.18029,1.6056799999999998,0.0,-3.79589,0.8016910364348617,0.08016910364348617
HCG_VNAR,I93V_M96S_D94T_E95S,antigen,10,LEU,-3.25582,-2.05436,2.1838600000000006,0.0,-3.1263199999999984,0.8544324183924711,0.0854432418392471
HCG_VNAR,I93V_M96S_D94T_E95S,VNAR,368,VAL,-3.771269999999999,-1.2058800000000003,2.5922399999999994,0.0,-2.384910000000001,0.5220021090953539,0.052200210909535395
HCG_VNAR,I93V_M96S_D94T_E95S,antigen,129,THR,-1.94821,-4.182840000000001,3.7877099999999997,0.0,-2.3433399999999995,1.3969184315485288,0.1396918431548529
HCG_VNAR,I93V_M96S_D94T_E95S,VNAR,371,ASP,-0.5584099999999999,-72.82577999999998,71.10276999999999,0.0,-2.2814199999999993,1.77050785471288,0.177050785471288
HCG_VNAR,I93V_M96S_D94T_E95S,antigen,247,THR,-2.2109099999999997,-0.80612,0.8502200000000001,0.0,-2.1668099999999995,0.8973811307911498,0.08973811307911497
HCG_VNAR,I93V_M96S_D94T_E95S,VNAR,378,TYR,-5.202060000000001,-5.343279999999998,8.506230000000002,0.0,-2.0391100000000004,1.661740111419353,0.1661740111419353
HCG_VNAR,I93V_M96S_D94T_E95S,antigen,123,PRO,-2.021530000000001,-0.9889099999999995,1.22155,0.0,-1.7888899999999994,0.5687754723087162,0.056877547230871614
HCG_VNAR,I93V_M96S_D94T_E95S,antigen,221,CYS,-0.83864,-2.4316199999999997,1.6404999999999998,0.0,-1.6297600000000005,0.8887589900529824,0.08887589900529824
HCG_VNAR,I93V_M96S_D94T_E95S,antigen,3,MET,-1.22691,-2.1953499999999986,1.7964999999999995,0.0,-1.6257600000000003,1.3663686919715312,0.13663686919715312
HCG_VNAR,I93V_M96S_D94T_E95S,VNAR,380,ASN,-4.00959,-4.923850000000001,7.33991,0.0,-1.593529999999999,2.035700495922719,0.20357004959227193
HCG_VNAR,I93V_M96S_D94T_E95S,antigen,25,LEU,-2.0386599999999997,-0.23907000000000053,0.7479899999999999,0.0,-1.5297400000000008,0.5244236382925547,0.05244236382925547
HCG_VNAR,I93V_M96S_D94T_E95S,antigen,132,ASP,-1.1038000000000003,9.361960000000003,-9.748259999999998,0.0,-1.4901000000000002,1.2702361315912876,0.12702361315912875
HCG_VNAR,I93V_M96S_D94T_E95S,antigen,166,MET,-2.2340299999999993,-64.30847999999999,65.08158000000002,0.0,-1.4609300000000003,2.038372798361477,0.2038372798361477
HCG_VNAR,I93V_M96S_D94T_E95S,VNAR,369,HIE,-2.639719999999999,-3.7280100000000003,4.95857,0.0,-1.4091600000000009,1.2561135356328272,0.12561135356328273
HCG_VNAR,I93V_M96S_D94T_E95S,antigen,275,THR,-2.4413599999999995,-0.8266,1.8799200000000005,0.0,-1.3880400000000004,0.6650868502684439,0.0665086850268444
HCG_VNAR,I93V_M96S_D94T_E95S,antigen,16,GLY,-1.35726,-3.105950000000001,3.111479999999999,0.0,-1.35173,0.7662449589393722,0.07662449589393722
HCG_VNAR,I93V_M96S_D94T_E95S,antigen,7,LEU,-1.2021400000000004,-1.2396900000000004,1.2238899999999995,0.0,-1.2179400000000016,0.42760048690337016,0.04276004869033702
HCG_VNAR,I93V_M96S_D94T_E95S,VNAR,321,GLY,-3.2213900000000013,-3.309769999999999,5.35858,0.0,-1.1725799999999997,1.0367418693194559,0.10367418693194559
HCG_VNAR,I93V_M96S_D94T_E95S,VNAR,388,ILE,-1.21487,-0.2053200000000003,0.27009,0.0,-1.1501000000000001,0.5565335838922939,0.05565335838922939
HCG_VNAR,I93V_M96S_D94T_E95S,VNAR,322,ALA,-1.6439500000000007,-0.9434200000000003,1.4472300000000005,0.0,-1.1401400000000006,0.6853455189902391,0.06853455189902391
HCG_VNAR,I93V_M96S_D94T_E95S,antigen,133,PRO,-1.1570200000000002,0.1143000000000005,0.012809999999999988,0.0,-1.0299099999999994,0.22979365069557628,0.02297936506955763
HCG_VNAR,I93V_M96S_D94T_E95S,VNAR,359,THR,-1.00651,-0.8062200000000002,2.97965,0.0,1.1669200000000002,1.3213177564840342,0.13213177564840342
HCG_VNAR,I93V_M96S_D94T_E95S,VNAR,363,LYS,-0.68395,42.61644000000002,-40.555890000000005,0.0,1.376599999999999,1.0887497876004382,0.10887497876004382
HCG_VNAR,I93V_M96S_D94T_E95S,antigen,198,GLU,-1.9039699999999993,8.29818,-4.915869999999999,0.0,1.4783399999999964,1.867517487039947,0.1867517487039947
HCG_VNAR,I93V_M96S_D94T_E95S,antigen,252,LYS,-0.6983399999999996,1.838950000000001,0.41658999999999935,0.0,1.5572000000000004,1.5420979735412397,0.15420979735412396
HCG_VNAR,I93V_M96S_D94T_E95S,VNAR,377,SER,-3.409690000000001,-6.226710000000001,11.675039999999992,0.0,2.0386399999999996,1.2684265727270168,0.12684265727270166
HCG_VNAR,I93V_M96S_D94T_E95S,antigen,167,ASP,-0.27841,38.30489999999999,-34.37366,0.0,3.652830000000003,2.5452997350213957,0.2545299735021396
HCG_VNAR,I93V_M96S_D94T_E95S,antigen,2,GLU,-2.0707499999999994,62.71478,-56.96077000000001,0.0,3.683259999999998,3.015098922489942,0.30150989224899416
HCG_VNAR,I93V_M96S_G84D_H98E,antigen,142,LYS,-3.5549500000000007,-146.30217999999994,137.81867,0.0,-12.03846,1.6286975681199805,0.16286975681199806
HCG_VNAR,I93V_M96S_G84D_H98E,antigen,26,ARG,-0.6676400000000001,-75.93776000000004,68.17837000000002,0.0,-8.42703,1.3425741577655923,0.13425741577655922
HCG_VNAR,I93V_M96S_G84D_H98E,VNAR,307,SER,-0.5504199999999999,-14.61263,9.82392,0.0,-5.339129999999999,0.9386350052603007,0.09386350052603007
HCG_VNAR,I93V_M96S_G84D_H98E,antigen,13,LEU,-5.612289999999998,-2.4813399999999994,3.27233,0.0,-4.8213,0.884531712263617,0.0884531712263617
HCG_VNAR,I93V_M96S_G84D_H98E,VNAR,381,TYR,-3.228590000000001,-6.789299999999997,6.008760000000002,0.0,-4.00913,1.2007089210545625,0.12007089210545625
HCG_VNAR,I93V_M96S_G84D_H98E,antigen,274,SER,-0.19852999999999996,-12.462870000000004,9.129249999999999,0.0,-3.532149999999998,0.9510279530592245,0.09510279530592244
HCG_VNAR,I93V_M96S_G84D_H98E,VNAR,330,ASN,-2.5386399999999996,-13.464699999999999,12.484580000000003,0.0,-3.518759999999999,1.4942763005548871,0.1494276300554887
HCG_VNAR,I93V_M96S_G84D_H98E,VNAR,374,VAL,-2.862980000000001,-2.9381,2.32478,0.0,-3.4763,0.44197842707535057,0.04419784270753506
HCG_VNAR,I93V_M96S_G84D_H98E,antigen,252,LYS,-0.02821999999999999,-108.14436999999998,104.83458000000005,0.0,-3.338009999999999,1.8798045829021655,0.18798045829021653
HCG_VNAR,I93V_M96S_G84D_H98E,VNAR,306,SER,-1.4775700000000003,-11.393480000000004,9.622130000000004,0.0,-3.2489199999999983,1.1539196478091565,0.11539196478091565
HCG_VNAR,I93V_M96S_G84D_H98E,antigen,146,PRO,-2.474239999999999,-4.8016700000000005,4.44606,0.0,-2.829850000000001,0.4833419571069656,0.04833419571069656
HCG_VNAR,I93V_M96S_G84D_H98E,VNAR,369,HIE,-1.9801600000000006,-4.736460000000002,4.183380000000001,0.0,-2.5332400000000006,0.7646841716682762,0.07646841716682762
HCG_VNAR,I93V_M96S_G84D_H98E,VNAR,379,GLU,-1.6098599999999998,-101.01943000000003,100.32747000000003,0.0,-2.301820000000001,1.2689632097109842,0.12689632097109843
HCG_VNAR,I93V_M96S_G84D_H98E,antigen,170,ARG,-2.318060000000001,-76.88194000000001,76.97394000000003,0.0,-2.2260600000000004,1.8767739278879616,0.18767739278879617
HCG_VNAR,I93V_M96S_G84D_H98E,antigen,25,LEU,-2.209870000000001,-2.322830000000001,2.4057399999999998,0.0,-2.1269599999999995,0.8231269272718513,0.08231269272718514
HCG_VNAR,I93V_M96S_G84D_H98E,antigen,272,HIE,-3.19719,-2.3861000000000017,3.479880000000002,0.0,-2.1034099999999984,0.877533897863782,0.0877533897863782
HCG_VNAR,I93V_M96S_G84D_H98E,antigen,128,LEU,-2.24116,-1.1218700000000006,1.3715899999999999,0.0,-1.991440000000001,1.0561941897208107,0.10561941897208107
HCG_VNAR,I93V_M96S_G84D_H98E,VNAR,382,TYR,-3.181290000000002,-4.79394,6.006760000000002,0.0,-1.9684700000000017,1.2437018569978895,0.12437018569978894
HCG_VNAR,I93V_M96S_G84D_H98E,VNAR,308,TYR,-1.6496700000000002,1.7996599999999987,-2.096610000000001,0.0,-1.9466200000000002,0.3609309568324717,0.03609309568324717
HCG_VNAR,I93V_M96S_G84D_H98E,VNAR,380,ASN,-3.0766499999999994,-2.0413499999999996,3.39477,0.0,-1.7232300000000003,0.9524738931330338,0.09524738931330337
HCG_VNAR,I93V_M96S_G84D_H98E,antigen,140,SER,-2.1890200000000015,-2.4473999999999996,3.0050399999999997,0.0,-1.6313799999999987,1.0839818705126028,0.10839818705126028
HCG_VNAR,I93V_M96S_G84D_H98E,antigen,273,CYS,-2.3646699999999994,-1.7135300000000007,2.5247599999999983,0.0,-1.5534400000000008,0.5869396616348213,0.058693966163482124
HCG_VNAR,I93V_M96S_G84D_H98E,antigen,15,MET,-1.9003500000000002,0.05816999999999936,0.3,0.0,-1.5421800000000008,0.727922693422866,0.0727922693422866
HCG_VNAR,I93V_M96S_G84D_H98E,antigen,11,LEU,-1.4540499999999996,-2.3977099999999996,2.4173399999999994,0.0,-1.4344199999999987,0.8509252162205564,0.08509252162205563
HCG_VNAR,I93V_M96S_G84D_H98E,VNAR,371,ASP,-1.5553000000000003,-81.57769,81.74754000000006,0.0,-1.3854499999999994,2.5977929531623576,0.2597792953162358
HCG_VNAR,I93V_M96S_G84D_H98E,VNAR,335,ALA,-1.7549800000000002,1.4434199999999995,-0.8267199999999997,0.0,-1.138279999999999,0.4439444803125739,0.04439444803125739
HCG_VNAR,I93V_M96S_G84D_H98E,antigen,171,LYS,-0.17438999999999993,-62.456849999999974,61.50150999999999,0.0,-1.1297299999999992,0.2060409597628591,0.02060409597628591
HCG_VNAR,I93V_M96S_G84D_H98E,VNAR,378,TYR,-3.6820500000000016,-3.0415499999999995,5.62879,0.0,-1.0948100000000005,0.602385469529269,0.060238546952926894
HCG_VNAR,I93V_M96S_G84D_H98E,VNAR,383,GLU,-1.55965,-47.57649000000001,48.09169999999999,0.0,-1.0444400000000014,0.8680782490075424,0.08680782490075424
HCG_VNAR,I93V_M96S_G84D_H98E,VNAR,377,SER,-2.909070000000001,1.6204200000000006,0.2734999999999999,0.0,-1.0151500000000007,0.6186590559427702,0.061865905594277015
HCG_VNAR,I93V_M96S_G84D_H98E,VNAR,343,LYS,-0.44900000000000007,37.50992000000001,-35.883359999999996,0.0,1.1775600000000015,1.3206125875517005,0.13206125875517005
HCG_VNAR,I93V_M96S_G84D_H98E,antigen,144,PRO,-0.65817,6.1332499999999985,-4.14145,0.0,1.3336299999999996,0.4708738186605834,0.04708738186605834
HCG_VNAR,I93V_M96S_G84D_H98E,antigen,198,GLU,-0.51448,54.97544000000002,-52.83097,0.0,1.6299900000000003,1.0788352190673043,0.10788352190673042
HCG_VNAR,I93V_M96S_G84D_H98E,VNAR,282,VAL,-0.5985800000000001,29.744470000000007,-25.44782,0.0,3.6980699999999995,3.3558024740887236,0.3355802474088724
HCG_VNAR,I93V_M96S_Q86A_V87Q,antigen,22,LYS,-0.19603999999999996,-135.79110999999995,126.47752,0.0,-9.509629999999996,1.448600363488868,0.1448600363488868
HCG_VNAR,I93V_M96S_Q86A_V87Q,antigen,114,ARG,-0.16257,-120.90611999999997,112.16480999999997,0.0,-8.90388,1.0816438256653593,0.10816438256653593
HCG_VNAR,I93V_M96S_Q86A_V87Q,antigen,115,ARG,-3.8397899999999994,-97.32168000000001,93.63337,0.0,-7.528099999999995,2.2157382494329103,0.22157382494329103
HCG_VNAR,I93V_M96S_Q86A_V87Q,antigen,256,ARG,-1.17565,-76.32459999999999,73.07093000000003,0.0,-4.429320000000001,2.7200899392483313,0.27200899392483313
HCG_VNAR,I93V_M96S_Q86A_V87Q,VNAR,336,GLU,0.4727699999999999,-108.73705,104.15257999999999,0.0,-4.111699999999998,1.883988282872274,0.1883988282872274
HCG_VNAR,I93V_M96S_Q86A_V87Q,antigen,171,LYS,-0.5838099999999996,-92.0408,88.91496000000001,0.0,-3.709649999999999,1.5013615379048477,0.15013615379048478
HCG_VNAR,I93V_M96S_Q86A_V87Q,antigen,84,PHE,-3.9352000000000014,-0.7381500000000003,1.2093600000000002,0.0,-3.4639900000000012,0.7662220108428108,0.07662220108428108
HCG_VNAR,I93V_M96S_Q86A_V87Q,antigen,134,ARG,-0.05989000000000004,-25.55843000000001,22.530220000000003,0.0,-3.0881000000000016,2.360161721153872,0.2360161721153872
HCG_VNAR,I93V_M96S_Q86A_V87Q,VNAR,330,ASN,-3.425859999999998,-9.477139999999999,9.864630000000002,0.0,-3.038369999999999,1.462714234941333,0.1462714234941333
HCG_VNAR,I93V_M96S_Q86A_V87Q,antigen,238,VAL,-3.2247999999999997,0.7780400000000001,-0.4585100000000001,0.0,-2.9052700000000002,0.6975898487650166,0.06975898487650166
HCG_VNAR,I93V_M96S_Q86A_V87Q,VNAR,383,GLU,0.07030000000000002,-69.13021999999997,66.24846000000002,0.0,-2.8114600000000007,2.1795521348203613,0.21795521348203611
HCG_VNAR,I93V_M96S_Q86A_V87Q,antigen,237,LEU,-3.8636599999999994,-1.3506499999999995,2.4121699999999997,0.0,-2.80214,0.8247009642288513,0.08247009642288514
HCG_VNAR,I93V_M96S_Q86A_V87Q,VNAR,376,GLU,-0.0843,-85.52145999999999,83.00090999999999,0.0,-2.6048499999999986,1.8697030907339272,0.1869703090733927
HCG_VNAR,I93V_M96S_Q86A_V87Q,antigen,170,ARG,-0.67239,-69.76153000000001,68.02705999999999,0.0,-2.4068600000000036,2.6704567849714396,0.26704567849714395
HCG_VNAR,I93V_M96S_Q86A_V87Q,antigen,123,PRO,-2.78725,0.3457299999999996,0.03678000000000001,0.0,-2.4047400000000003,0.839864758398634,0.08398647583986339
HCG_VNAR,I93V_M96S_Q86A_V87Q,VNAR,381,TYR,-4.052430000000002,-0.06017000000000053,2.0517200000000004,0.0,-2.0608800000000014,1.1884922993440064,0.11884922993440064
HCG_VNAR,I93V_M96S_Q86A_V87Q,VNAR,378,TYR,-3.2714100000000004,-1.9986599999999988,3.59331,0.0,-1.6767599999999985,1.1964847773373468,0.11964847773373469
HCG_VNAR,I93V_M96S_Q86A_V87Q,VNAR,379,HIE,-1.0500699999999998,-6.927250000000002,6.479770000000001,0.0,-1.4975499999999982,1.4978617785029449,0.1497861778502945
HCG_VNAR,I93V_M96S_Q86A_V87Q,antigen,116,SER,-1.2674399999999995,-11.373839999999998,11.152289999999994,0.0,-1.4889899999999998,0.814503855055336,0.0814503855055336
HCG_VNAR,I93V_M96S_Q86A_V87Q,VNAR,326,GLU,-1.22481,-66.06807000000002,65.90429999999998,0.0,-1.3885799999999995,0.5522625676252173,0.05522625676252173
HCG_VNAR,I93V_M96S_Q86A_V87Q,VNAR,324,LYS,-2.8851699999999987,46.75268,-44.979540000000036,0.0,-1.1120299999999963,1.9147836507292424,0.19147836507292423
HCG_VNAR,I93V_M96S_Q86A_V87Q,antigen,127,PRO,-2.10593,0.2673699999999997,0.8019199999999996,0.0,-1.0366399999999998,0.7325904656764252,0.07325904656764251
HCG_VNAR,I93V_M96S_Q86A_V87Q,antigen,129,THR,-1.78108,-4.95361,7.830200000000001,0.0,1.0955100000000004,1.1479363527217012,0.11479363527217012
HCG_VNAR,I93V_M96S_Q86A_V87Q,VNAR,304,LYS,-0.23798000000000002,55.01464000000001,-53.33954000000003,0.0,1.4371200000000008,1.207069751754222,0.1207069751754222
HCG_VNAR,I93V_M96S_Q86A_V87Q,VNAR,325,LYS,-3.575590000000001,58.376940000000005,-53.107060000000004,0.0,1.6942900000000014,1.3466010121413086,0.13466010121413086
HCG_VNAR,I93V_M96S_Q86A_V87Q,VNAR,363,LYS,-2.09812,52.024519999999995,-47.134570000000025,0.0,2.79183,1.8420412213357205,0.18420412213357204
HCG_VNAR,I93V_M96S_Q86A_V87Q,antigen,23,GLU,-0.5281999999999999,97.34671999999999,-93.51527,0.0,3.3032500000000002,1.0524223047332284,0.10524223047332285
HCG_VNAR,I93V_M96S_S85T,VNAR,382,TYR,-2.84604,-4.39992,4.1450499999999995,0.0,-3.1009100000000003,0.7345999876803654,0.07345999876803654
HCG_VNAR,I93V_M96S_S85T,VNAR,383,GLU,-2.864110000000001,-50.64497000000002,51.103719999999996,0.0,-2.4053600000000013,0.8341396348334013,0.08341396348334013
HCG_VNAR,I93V_M96S_S85T,antigen,125,ASP,-1.6054800000000007,-11.68667000000001,11.958039999999999,0.0,-1.3341100000000006,1.321409693433494,0.1321409693433494
HCG_VNAR,I93V_M96S_S85T,VNAR,376,GLU,-0.32665999999999984,-64.65159,63.757249999999985,0.0,-1.2209999999999988,0.1346926872551069,0.013469268725510691
HCG_VNAR,I93V_M96S_S85T,VNAR,307,SER,-0.29722,-12.27221,11.400229999999997,0.0,-1.1692000000000002,0.8975784645366667,0.08975784645366666
HCG_VNAR,I93V_M96S_S85T,VNAR,368,VAL,-1.6193099999999994,0.58236,-0.11446999999999999,0.0,-1.1514199999999999,0.28498333916213564,0.028498333916213564
HCG_VNAR,I93V_M96S_S85T,VNAR,306,SER,-1.0777800000000004,-3.279240000000001,3.354599999999999,0.0,-1.0024199999999992,0.567419301398887,0.056741930139888694
HCG_VNAR,I93V_M96S_S85T,antigen,138,SER,-3.5018599999999998,1.7210300000000007,3.00534,0.0,1.2245099999999998,0.9818047819704288,0.09818047819704287
HCG_VNAR,I93V_M96S_S85T,VNAR,308,TYR,-2.4260999999999995,-2.069890000000002,5.775799999999997,0.0,1.2798099999999977,0.9361364504707658,0.09361364504707657
HCG_VNAR,I93V_M96S_S85T,VNAR,373,SER,-2.3996399999999998,1.6588200000000004,2.0971300000000004,0.0,1.35631,1.012445244889816,0.10124452448898161
HCG_VNAR,I93V_M96S_S85T,antigen,142,LYS,-1.9397399999999996,-25.618620000000007,30.18734000000001,0.0,2.6289800000000025,2.493490741831618,0.2493490741831618
HCG_VNAR,I93V_M96S_S85T,VNAR,363,LYS,-1.11793,55.24337999999999,-47.93491999999999,0.0,6.190530000000003,3.5705306817194504,0.35705306817194504
HCG_VNAR,I93V_M96S_S85V,VNAR,336,GLU,-0.3398700000000001,-81.33437000000004,74.81461000000002,0.0,-6.859630000000003,2.4558882289509736,0.24558882289509737
HCG_VNAR,I93V_M96S_S85V,VNAR,376,GLU,0.13857000000000003,-76.78506,73.49904000000001,0.0,-3.1474500000000005,1.2938849436870317,0.12938849436870317
HCG_VNAR,I93V_M96S_S85V,VNAR,372,THR,-2.17861,-9.956729999999999,9.2972,0.0,-2.83814,0.8416415510180068,0.08416415510180067
HCG_VNAR,I93V_M96S_S85V,VNAR,307,SER,-2.4133400000000007,-7.356890000000002,7.081710000000002,0.0,-2.6885199999999996,1.13862351530258,0.113862351530258
HCG_VNAR,I93V_M96S_S85V,VNAR,310,LEU,-3.02426,-0.08015999999999991,0.7879499999999999,0.0,-2.3164699999999976,1.2464329460905657,0.12464329460905657
HCG_VNAR,I93V_M96S_S85V,antigen,182,VAL,-3.1829400000000003,-1.0741800000000001,2.166720000000001,0.0,-2.0904000000000003,1.106796205269968,0.1106796205269968
HCG_VNAR,I93V_M96S_S85V,antigen,26,ARG,-0.43204999999999993,-80.28446999999997,78.67879000000003,0.0,-2.037729999999998,1.6117439986238464,0.16117439986238463
HCG_VNAR,I93V_M96S_S85V,VNAR,309,VAL,-2.4427300000000005,-0.08013999999999989,0.4911899999999998,0.0,-2.031679999999999,0.690617678314132,0.0690617678314132
HCG_VNAR,I93V_M96S_S85V,VNAR,306,SER,-1.6314499999999992,-1.354639999999999,0.9938099999999999,0.0,-1.99228,1.0343070248238684,0.10343070248238684
HCG_VNAR,I93V_M96S_S85V,VNAR,374,VAL,-1.8607399999999992,1.7644499999999999,-1.5821400000000003,0.0,-1.6784299999999994,0.4579025497854335,0.045790254978543346
HCG_VNAR,I93V_M96S_S85V,antigen,128,LEU,-1.6303500000000006,-1.9455999999999989,1.99161,0.0,-1.5843400000000005,0.4125747258376341,0.04125747258376341
HCG_VNAR,I93V_M96S_S85V,antigen,127,PRO,-3.041569999999999,0.0024200000000006126,1.6618199999999996,0.0,-1.3773299999999986,0.6694072311381166,0.06694072311381166
HCG_VNAR,I93V_M96S_S85V,antigen,185,HIE,-2.7983999999999987,-1.8844800000000004,3.3270399999999984,0.0,-1.3558399999999995,1.105433387590585,0.1105433387590585
HCG_VNAR,I93V_M96S_S85V,VNAR,371,ASP,-2.6497699999999993,-94.58256000000002,98.23439999999995,0.0,1.0020699999999985,2.299639224987258,0.22996392249872583
HCG_VNAR,I93V_M96S_S85V,VNAR,339,ASN,-0.7827699999999999,1.6913199999999995,0.14454999999999993,0.0,1.0531000000000013,1.5451581245943715,0.15451581245943716
HCG_VNAR,I93V_M96S_S85V,VNAR,337,THR,-2.0574199999999996,1.6320699999999995,1.5950099999999994,0.0,1.1696599999999993,1.3008022618369022,0.13008022618369022
HCG_VNAR,I93V_M96S_S85V,VNAR,373,SER,-3.0669099999999996,-5.44835,9.718669999999998,0.0,1.203410000000001,2.069337425820158,0.20693374258201577
HCG_VNAR,I93V_M96S_S85V,antigen,22,LYS,-0.39587000000000006,-44.94744,46.782660000000014,0.0,1.4393500000000006,1.4142204805121439,0.1414220480512144
HCG_VNAR,I93V_M96S_S85V,VNAR,282,VAL,-0.13280999999999998,51.475629999999995,-49.73275,0.0,1.6100699999999977,0.925488338716378,0.0925488338716378
HCG_VNAR,I93V_M96S_S85V,antigen,245,GLU,-1.1558200000000007,43.394249999999985,-40.58502000000001,0.0,1.6534099999999987,0.9763352098024536,0.09763352098024536
HCG_VNAR,I93V_M96S_S85V,antigen,226,TYR,-0.735,-3.624169999999999,6.251399999999998,0.0,1.89223,0.7263547185088021,0.0726354718508802
HCG_VNAR,I93V_M96S_S85V,antigen,28,ARG,-0.9634700000000003,-58.44469999999999,63.72655,0.0,4.318379999999999,1.9978101250118812,0.19978101250118813
HCG_VNAR,I93V_M96S_S85V,antigen,125,ASP,-2.3787100000000008,41.75588,-33.986019999999996,0.0,5.39115,2.4624050250720315,0.24624050250720314
HCG_VNAR,I93V_M96S_S85V,antigen,224,ARG,-0.5964899999999999,-48.77494999999999,55.31749000000001,0.0,5.946049999999999,2.226868947086922,0.22268689470869218
HCG_VNAR,I93V_M96S_S85V,VNAR,343,LYS,-1.0265300000000002,58.172,-51.11981000000001,0.0,6.0256599999999985,1.7682725707311162,0.17682725707311162
HCG_VNAR,I93V_M96S_S85V,VNAR,340,LYS,-1.55134,60.346339999999984,-52.29131000000001,0.0,6.5036900000000015,2.6299423442159258,0.2629942344215926
HCG_VNAR,I93V_M96S_S85V,antigen,1,MET,-3.441330000000001,-58.68326,71.42213999999998,0.0,9.29755,5.82613973120282,0.582613973120282
HCG_VNAR,I93V_M96S_S92Y,antigen,125,ASP,-0.2553899999999999,-30.99751999999998,21.015279999999994,0.0,-10.23763,3.410527313055852,0.3410527313055852
HCG_VNAR,I93V_M96S_S92Y,VNAR,379,HIE,-0.7023199999999998,-9.373030000000002,6.6101,0.0,-3.465250000000001,1.4432526277474775,0.14432526277474775
HCG_VNAR,I93V_M96S_S92Y,antigen,186,VAL,-1.7848600000000006,-6.887409999999997,5.557469999999999,0.0,-3.1147999999999985,1.8263811814624038,0.18263811814624037
HCG_VNAR,I93V_M96S_S92Y,VNAR,283,GLU,-1.43772,-52.67840000000002,51.14237000000001,0.0,-2.9737500000000017,1.1129756095710266,0.11129756095710266
HCG_VNAR,I93V_M96S_S92Y,antigen,33,ASN,-1.2604199999999997,-6.711450000000001,5.727629999999997,0.0,-2.244239999999999,0.7118452095786001,0.07118452095786001
HCG_VNAR,I93V_M96S_S92Y,VNAR,376,GLU,-0.08669000000000006,-64.92770999999998,62.83541000000003,0.0,-2.178990000000001,1.0270186025092227,0.10270186025092227
HCG_VNAR,I93V_M96S_S92Y,antigen,32,ILE,-2.6736299999999993,0.89735,-0.39983000000000013,0.0,-2.1761099999999995,0.593858701965375,0.0593858701965375
HCG_VNAR,I93V_M96S_S92Y,VNAR,375,ASP,-0.20217000000000013,-65.21937000000001,63.58132999999998,0.0,-1.8402099999999988,0.38307511782939113,0.03830751178293911
HCG_VNAR,I93V_M96S_S92Y,antigen,27,PRO,-1.9545899999999992,-0.4011200000000001,0.5771,0.0,-1.7786099999999991,0.646014502855781,0.0646014502855781
HCG_VNAR,I93V_M96S_S92Y,VNAR,381,TYR,-1.05629,-0.7012000000000004,0.07192999999999998,0.0,-1.685560000000001,0.9788148785138084,0.09788148785138084
HCG_VNAR,I93V_M96S_S92Y,antigen,31,PRO,-0.04744000000000002,-5.001820000000001,3.4001399999999995,0.0,-1.6491200000000008,0.9409429555504417,0.09409429555504417
HCG_VNAR,I93V_M96S_S92Y,antigen,188,HIE,-1.22456,-0.5144700000000003,0.10425000000000002,0.0,-1.6347799999999995,1.8892213241438918,0.18892213241438918
HCG_VNAR,I93V_M96S_S92Y,antigen,191,PRO,-1.7262999999999988,-0.6285900000000008,0.8097699999999999,0.0,-1.5451200000000003,1.5361417010158918,0.15361417010158918
HCG_VNAR,I93V_M96S_S92Y,antigen,126,HIE,-1.7888399999999998,-4.312439999999999,4.681260000000001,0.0,-1.4200199999999992,0.7334235472085698,0.07334235472085698
HCG_VNAR,I93V_M96S_S92Y,VNAR,303,LEU,-2.3260699999999996,-2.6809599999999993,3.6187300000000007,0.0,-1.3883000000000003,1.3697026575136653,0.13697026575136653
HCG_VNAR,I93V_M96S_S92Y,VNAR,309,VAL,-0.4379,-0.6669799999999998,-0.18425000000000044,0.0,-1.2891299999999994,1.238487259966772,0.1238487259966772
HCG_VNAR,I93V_M96S_S92Y,antigen,245,GLU,-0.10425999999999996,12.014670000000008,-13.149699999999998,0.0,-1.2392900000000011,0.7154501421482837,0.07154501421482837
HCG_VNAR,I93V_M96S_S92Y,VNAR,369,HIE,-1.8240999999999987,-2.645020000000002,3.4499699999999978,0.0,-1.0191500000000018,0.9276378967571328,0.09276378967571328
HCG_VNAR,I93V_M96S_S92Y,VNAR,284,GLN,-1.20901,-5.805099999999998,6.0062299999999995,0.0,-1.0078799999999999,0.5908360733739935,0.05908360733739935
HCG_VNAR,I93V_M96S_S92Y,VNAR,378,TYR,-3.0225299999999997,-0.12933999999999912,2.1493800000000007,0.0,-1.0024899999999979,0.9529100219328153,0.09529100219328153
HCG_VNAR,I93V_M96S_S92Y,antigen,26,ARG,-1.3128800000000007,-25.053220000000014,27.550879999999992,0.0,1.1847800000000013,0.9224659189368511,0.09224659189368511
HCG_VNAR,I93V_M96S_S92Y,antigen,142,LYS,-3.53742,-47.672019999999996,52.53602,0.0,1.32658,2.587120569977363,0.2587120569977363
HCG_VNAR,I93V_M96S_S92Y,antigen,224,ARG,-0.20445000000000005,-4.741400000000001,6.550999999999999,0.0,1.60515,1.0996966524910405,0.10996966524910405
HCG_VNAR,I93V_M96S_S92Y,antigen,30,ARG,-2.2598299999999996,2.7565799999999983,1.6250100000000003,0.0,2.121760000000003,1.4605399831569161,0.1460539983156916
HCG_VNAR,I93V_M96S_S92Y,VNAR,343,LYS,-0.1853199999999999,53.53824,-50.123310000000004,0.0,3.2296100000000014,0.9771976554924764,0.09771976554924763
HCG_VNAR,I93V_M96S_S92Y,antigen,124,LYS,-0.34985000000000016,-2.7782399999999994,7.395500000000003,0.0,4.267409999999997,2.89347017988781,0.28934701798878104
HCG_VNAR,I93V_M96S_S92Y,VNAR,282,VAL,-1.6891600000000004,51.393830000000015,-42.99350999999999,0.0,6.711160000000003,2.957146633902343,0.2957146633902343
HCG_VNAR,I93V_M96S_S92Y,VNAR,304,LYS,-2.9061699999999995,41.35683,-30.474480000000007,0.0,7.976180000000002,2.9616832557854638,0.2961683255785464
HCG_VNAR,I93V_M96S_S92Y,VNAR,340,LYS,-1.9988600000000014,39.79435000000001,-25.12150000000001,0.0,12.673990000000005,6.862314662699452,0.6862314662699452
HCG_VNAR,I93V_M96S_T91R_H98E,antigen,25,LEU,-1.7689100000000004,-2.0402599999999995,2.5646500000000003,0.0,-1.2445200000000005,0.870493727490326,0.0870493727490326
HCG_VNAR,I93V_M96S_T91R_H98E,antigen,26,ARG,-0.9567200000000002,-35.04404,34.83199,0.0,-1.1687700000000003,0.6188499794780633,0.06188499794780633
HCG_VNAR,I93V_Q86A,antigen,170,ARG,-0.1448799999999999,-103.46886999999997,91.74105999999998,0.0,-11.872690000000008,1.4462937025030114,0.14462937025030115
HCG_VNAR,I93V_Q86A,antigen,166,MET,-3.5877600000000007,-146.04497,141.20492999999996,0.0,-8.427800000000005,2.0151332809518956,0.20151332809518957
HCG_VNAR,I93V_Q86A,antigen,13,LEU,-5.458870000000001,-9.479560000000003,8.022300000000003,0.0,-6.916130000000001,1.5791340263258131,0.1579134026325813
HCG_VNAR,I93V_Q86A,antigen,124,LYS,-1.3925999999999998,-75.52959000000001,72.00344000000001,0.0,-4.918750000000001,2.3775696388328984,0.23775696388328985
HCG_VNAR,I93V_Q86A,antigen,224,ARG,-0.7416300000000003,-72.64941000000003,68.57669000000001,0.0,-4.814349999999999,1.6286420194444207,0.16286420194444207
HCG_VNAR,I93V_Q86A,antigen,171,LYS,-1.0414500000000002,-84.97560999999997,81.88697000000003,0.0,-4.13009,1.491451012236068,0.1491451012236068
HCG_VNAR,I93V_Q86A,antigen,10,LEU,-4.20397,-3.82881,4.208170000000001,0.0,-3.8246099999999985,1.3376814635405563,0.13376814635405562
HCG_VNAR,I93V_Q86A,antigen,7,LEU,-3.3306099999999987,-3.7279600000000017,3.4419099999999996,0.0,-3.6166599999999987,0.817459934431052,0.08174599344310521
HCG_VNAR,I93V_Q86A,antigen,134,ARG,-0.19135,-67.40954000000002,64.19566,0.0,-3.405229999999999,2.383979516921236,0.2383979516921236
HCG_VNAR,I93V_Q86A,VNAR,388,ILE,-2.8096600000000005,1.0315699999999999,-1.1552599999999993,0.0,-2.93335,0.5751054403324651,0.05751054403324651
HCG_VNAR,I93V_Q86A,antigen,177,LEU,-2.0211799999999998,0.08490999999999914,-0.7054000000000002,0.0,-2.641670000000002,0.4866948131015906,0.04866948131015906
HCG_VNAR,I93V_Q86A,antigen,9,LEU,-2.6191600000000004,-3.1003000000000007,3.1129399999999987,0.0,-2.6065199999999997,0.5764128811884749,0.057641288118847486
HCG_VNAR,I93V_Q86A,VNAR,368,VAL,-2.96877,-0.18843999999999958,0.5756999999999999,0.0,-2.58151,0.37419036585673227,0.03741903658567323
HCG_VNAR,I93V_Q86A,VNAR,374,VAL,-4.324630000000001,-2.072849999999999,4.089430000000002,0.0,-2.308049999999999,0.7150816928855102,0.07150816928855101
HCG_VNAR,I93V_Q86A,VNAR,376,GLU,-1.17752,-110.35415000000005,109.30935999999994,0.0,-2.222309999999996,2.348331776793904,0.23483317767939038
HCG_VNAR,I93V_Q86A,VNAR,361,HIE,-3.8493999999999993,-0.7918700000000004,2.64566,0.0,-1.9956100000000014,0.9453893789862439,0.09453893789862439
HCG_VNAR,I93V_Q86A,antigen,178,VAL,-0.9733900000000004,-0.18411999999999934,-0.7643900000000002,0.0,-1.9219,0.2999135375404048,0.029991353754040478
HCG_VNAR,I93V_Q86A,VNAR,320,GLU,-1.1828500000000006,-73.12413999999998,72.38674,0.0,-1.9202499999999985,2.7161144172328227,0.2716114417232823
HCG_VNAR,I93V_Q86A,antigen,127,PRO,-1.7975599999999994,-4.190239999999999,4.12541,0.0,-1.8623899999999998,0.4531283018086597,0.04531283018086597
HCG_VNAR,I93V_Q86A,VNAR,378,TYR,-5.136720000000002,-2.037149999999999,5.383760000000002,0.0,-1.7901099999999988,1.0560531321387212,0.10560531321387212
HCG_VNAR,I93V_Q86A,antigen,1,MET,-3.76475,-86.16924,88.15537999999997,0.0,-1.7786100000000016,3.6806119542679308,0.36806119542679305
HCG_VNAR,I93V_Q86A,antigen,3,MET,-2.17396,0.3828400000000009,0.12405000000000001,0.0,-1.6670699999999985,0.7071610743670793,0.07071610743670793
HCG_VNAR,I93V_Q86A,antigen,2,GLU,-1.6004200000000006,34.70206999999999,-34.75594999999998,0.0,-1.6542999999999992,1.1355664533614933,0.11355664533614933
HCG_VNAR,I93V_Q86A,VNAR,390,THR,-0.31742000000000004,-5.07954,3.798590000000001,0.0,-1.5983699999999994,0.7227653928488845,0.07227653928488845
HCG_VNAR,I93V_Q86A,antigen,25,LEU,-3.1321599999999985,1.617419999999999,-0.057630000000000015,0.0,-1.5723700000000005,0.48971864687797984,0.04897186468779798
HCG_VNAR,I93V_Q86A,antigen,273,CYS,-1.9689200000000004,-4.5261999999999984,4.93672,0.0,-1.5584000000000018,0.78985222668547,0.07898522266854699
HCG_VNAR,I93V_Q86A,antigen,123,PRO,-2.0206500000000003,-2.2551599999999996,2.989620000000001,0.0,-1.2861899999999986,0.6614314884400355,0.06614314884400355
HCG_VNAR,I93V_Q86A,antigen,167,ASP,-0.7091000000000001,63.35671,-63.927209999999995,0.0,-1.2795999999999967,0.43171789400023575,0.04317178940002357
HCG_VNAR,I93V_Q86A,antigen,17,GLY,-1.0004,-6.124289999999999,5.886469999999998,0.0,-1.2382200000000019,1.2495340938125687,0.12495340938125687
HCG_VNAR,I93V_Q86A,antigen,176,PHE,-0.6486500000000003,0.12200000000000032,-0.6651800000000001,0.0,-1.1918300000000002,0.18401320903674032,0.01840132090367403
HCG_VNAR,I93V_Q86A,antigen,16,GLY,-0.62521,-5.676850000000004,5.151959999999999,0.0,-1.1500999999999997,0.8610747644658961,0.08610747644658961
HCG_VNAR,I93V_Q86A,antigen,14,SER,-1.6880299999999997,-7.335339999999999,7.89423,0.0,-1.1291400000000014,1.9154916863301694,0.19154916863301694
HCG_VNAR,I93V_Q86A,VNAR,382,TYR,-3.77154,-3.6921000000000017,6.362890000000001,0.0,-1.1007500000000006,1.060642912341378,0.10606429123413781
HCG_VNAR,I93V_Q86A,antigen,195,ASP,-0.18681999999999999,8.599330000000002,-9.488789999999996,0.0,-1.0762800000000001,2.7343125976376594,0.2734312597637659
HCG_VNAR,I93V_Q86A,antigen,135,PHE,-1.0768699999999995,-1.9353400000000005,1.9766400000000006,0.0,-1.03557,0.5035136791587692,0.050351367915876924
HCG_VNAR,I93V_Q86A,VNAR,326,GLU,-0.7574900000000001,-35.38989000000001,35.114270000000005,0.0,-1.0331099999999984,0.47950332418034475,0.04795033241803447
HCG_VNAR,I93V_Q86A,VNAR,327,SER,-1.1080800000000004,-0.50852,2.6209199999999995,0.0,1.0043199999999999,1.296615624462394,0.12966156244623941
HCG_VNAR,I93V_Q86A,antigen,132,ASP,-0.32663,53.12585000000001,-51.69273999999999,0.0,1.106479999999998,0.5900563274806884,0.05900563274806884
HCG_VNAR,I93V_Q86A,VNAR,379,HIE,-1.6341000000000003,-2.1001400000000006,4.8478699999999995,0.0,1.1136300000000003,0.9179414104941555,0.09179414104941555
HCG_VNAR,I93V_Q86A,antigen,252,LYS,-0.7546399999999999,-27.992400000000004,29.918400000000016,0.0,1.1713600000000024,1.6360138784252412,0.16360138784252412
HCG_VNAR,I93V_Q86A,antigen,26,ARG,-3.1230700000000002,-28.181180000000012,32.53452,0.0,1.2302700000000042,3.3475405803514926,0.33475405803514924
HCG_VNAR,I93V_Q86A,antigen,199,CYS,-1.2460300000000002,-1.5735500000000002,4.06005,0.0,1.2404700000000006,0.8926211005236208,0.08926211005236208
HCG_VNAR,I93V_Q86A,VNAR,383,GLU,-3.5059699999999996,-43.23595,48.054349999999985,0.0,1.3124300000000009,3.640739348690041,0.3640739348690041
HCG_VNAR,I93V_Q86A,VNAR,380,ASN,-3.6951400000000008,-1.4684600000000005,7.6395100000000005,0.0,2.475910000000001,1.2343625812134766,0.12343625812134766
HCG_VNAR,I93V_Q86A,VNAR,325,LYS,-3.60184,8.70851,-2.02296,0.0,3.083710000000001,4.416969341743273,0.44169693417432726
HCG_VNAR,I93V_Q86A,VNAR,363,LYS,-2.269379999999999,24.889650000000014,-19.17674,0.0,3.4435300000000013,6.057574426212193,0.6057574426212193
HCG_VNAR,I93V_Q86A,antigen,198,GLU,-1.8930699999999996,27.603859999999994,-16.943630000000002,0.0,8.76716,1.6709266693664133,0.16709266693664132
HCG_VNAR,I93V_Q86A,VNAR,282,VAL,-2.778549999999998,45.82262,-33.15522,0.0,9.888849999999996,2.9708736640086286,0.29708736640086286
HCG_VNAR,I93V_S85A,antigen,170,ARG,-1.29493,-73.13190999999999,67.57980999999998,0.0,-6.847030000000002,1.4642979714183744,0.14642979714183743
HCG_VNAR,I93V_S85A,antigen,222,PHE,-3.5493099999999997,-4.3855900000000005,4.122180000000003,0.0,-3.8127200000000014,0.5060042703376894,0.050600427033768935
HCG_VNAR,I93V_S85A,VNAR,374,VAL,-3.5155299999999996,-0.15707000000000002,0.12939,0.0,-3.543210000000002,0.7066757855622249,0.0706675785562225
HCG_VNAR,I93V_S85A,antigen,171,LYS,-0.4345200000000001,-68.66758999999998,65.5997,0.0,-3.502409999999999,1.53166378879309,0.153166378879309
HCG_VNAR,I93V_S85A,antigen,224,ARG,-0.8054600000000002,-59.65958999999999,56.986910000000016,0.0,-3.4781399999999985,1.2142485908577392,0.12142485908577391
HCG_VNAR,I93V_S85A,VNAR,312,ASP,-0.36533,-107.46084999999998,104.84207,0.0,-2.9841099999999994,2.1453206049213254,0.21453206049213253
HCG_VNAR,I93V_S85A,antigen,200,THR,-0.2716000000000001,-12.128799999999996,9.87025,0.0,-2.5301500000000012,1.2704826199126051,0.1270482619912605
HCG_VNAR,I93V_S85A,VNAR,378,TYR,-5.710180000000001,-1.5794899999999985,5.014959999999999,0.0,-2.2747099999999985,0.9696684205954118,0.09696684205954118
HCG_VNAR,I93V_S85A,VNAR,313,THR,-0.7817200000000001,-13.115370000000002,11.72855,0.0,-2.1685399999999997,1.5750270183079411,0.15750270183079412
HCG_VNAR,I93V_S85A,antigen,5,GLN,-0.6468800000000001,-1.93178,0.42717000000000005,0.0,-2.151489999999999,1.2906244341015698,0.129062443410157
HCG_VNAR,I93V_S85A,VNAR,336,GLU,-0.49067,-97.78095000000002,96.13550000000006,0.0,-2.1361200000000005,2.225538071029118,0.22255380710291178
HCG_VNAR,I93V_S85A,antigen,34,ALA,-1.7930800000000002,-3.79671,3.666429999999999,0.0,-1.9233599999999986,0.8393460373409786,0.08393460373409786
HCG_VNAR,I93V_S85A,VNAR,371,ASP,-1.33806,-82.20781,81.66324,0.0,-1.8826299999999967,1.6471866600661862,0.1647186660066186
HCG_VNAR,I93V_S85A,antigen,127,PRO,-1.8998199999999994,-3.54294,3.65295,0.0,-1.7898100000000006,0.4957381505391731,0.04957381505391731
HCG_VNAR,I93V_S85A,antigen,221,CYS,-0.9907600000000002,-2.8050399999999986,2.0708700000000007,0.0,-1.7249299999999987,0.4767692367382784,0.047676923673827844
HCG_VNAR,I93V_S85A,VNAR,368,VAL,-1.8640800000000004,0.7869999999999997,-0.4856100000000001,0.0,-1.5626899999999992,0.36636893140658455,0.036636893140658454
HCG_VNAR,I93V_S85A,antigen,22,LYS,-0.12211000000000002,-56.98443000000002,55.65824000000001,0.0,-1.4483000000000001,1.2220264522505224,0.12220264522505224
HCG_VNAR,I93V_S85A,antigen,123,PRO,-1.509270000000001,-1.6416200000000005,1.7475099999999997,0.0,-1.4033800000000003,0.3280466058352058,0.03280466058352058
HCG_VNAR,I93V_S85A,antigen,247,THR,-0.91602,-0.4549200000000002,-0.029079999999999943,0.0,-1.4000200000000005,0.48577496806649123,0.04857749680664912
HCG_VNAR,I93V_S85A,antigen,32,ILE,-1.3821400000000004,-1.5208500000000003,1.5657100000000002,0.0,-1.3372799999999996,0.4289618649716996,0.04289618649716996
HCG_VNAR,I93V_S85A,antigen,201,LEU,-0.9418200000000002,-4.5550999999999995,4.275430000000001,0.0,-1.2214899999999989,0.9405264216915961,0.09405264216915961
HCG_VNAR,I93V_S85A,VNAR,369,HIE,-2.89452,-2.4944000000000006,4.257190000000001,0.0,-1.1317300000000001,0.9367627645780966,0.09367627645780965
HCG_VNAR,I93V_S85A,antigen,33,ASN,-1.2423999999999997,-5.658440000000006,5.787369999999999,0.0,-1.1134700000000002,1.782207414724784,0.1782207414724784
HCG_VNAR,I93V_S85A,VNAR,376,GLU,-0.9495500000000001,-63.98965000000002,63.84549000000001,0.0,-1.0937100000000004,0.675200937425298,0.06752009374252979
HCG_VNAR,I93V_S85A,VNAR,382,TYR,-2.6013599999999997,-0.9581199999999991,2.4806600000000008,0.0,-1.0788200000000001,0.7447726818298331,0.07447726818298331
HCG_VNAR,I93V_S85A,VNAR,325,LYS,-0.5703699999999998,36.30588000000001,-34.600879999999975,0.0,1.134629999999999,1.2908050252071384,0.12908050252071385
HCG_VNAR,I93V_S85A,VNAR,363,LYS,-1.1969700000000005,50.97409000000002,-48.3417,0.0,1.43542,2.326877470688991,0.2326877470688991
HCG_VNAR,I93V_S85A,antigen,167,ASP,-2.6537899999999994,55.86771000000002,-51.573100000000004,0.0,1.640819999999999,1.4005541644649075,0.14005541644649075
HCG_VNAR,I93V_S85A,antigen,2,GLU,-1.3764299999999992,25.367410000000003,-22.277590000000004,0.0,1.7133899999999997,2.227294178571837,0.2227294178571837
HCG_VNAR,I93V_S85A,antigen,23,GLU,-0.38823999999999986,49.45333000000001,-47.27143999999999,0.0,1.7936499999999995,0.7268987601447677,0.07268987601447677
HCG_VNAR,I93V_S85A,antigen,199,CYS,-1.8015300000000003,1.0368899999999999,2.99596,0.0,2.2313199999999997,0.8802132909698658,0.08802132909698658
HCG_VNAR,I93V_S85A,VNAR,383,GLU,-1.9041900000000005,-69.71649999999998,75.62282,0.0,4.002130000000003,2.20362740795716,0.220362740795716
HCG_VNAR,I93V_S92Y,antigen,131,ASP,-1.6111800000000007,-44.25106999999999,41.899939999999994,0.0,-3.9623099999999996,2.4253831602243787,0.24253831602243786
HCG_VNAR,I93V_S92Y,antigen,133,PRO,-3.9238200000000005,-1.3410000000000002,2.280859999999999,0.0,-2.983959999999999,0.6238630285567539,0.06238630285567539
HCG_VNAR,I93V_S92Y,antigen,123,PRO,-2.1996499999999997,-2.454450000000001,3.1449000000000003,0.0,-1.509199999999999,0.8129451642023586,0.08129451642023586
HCG_VNAR,I93V_S92Y,antigen,57,TYR,-3.169139999999999,-0.8597900000000004,2.5747899999999997,0.0,-1.4541400000000004,1.2971423207959865,0.12971423207959865
HCG_VNAR,I93V_S92Y,antigen,19,TRP,-2.7792299999999988,-1.1833100000000005,2.6425099999999997,0.0,-1.32003,0.595570591198054,0.0595570591198054
HCG_VNAR,I93V_S92Y,antigen,39,GLU,-0.06873,-1.3920499999999956,0.26543000000000033,0.0,-1.195349999999997,0.6352079246199608,0.06352079246199607
HCG_VNAR,I93V_S92Y,antigen,132,ASP,-2.1963600000000003,-2.273899999999998,3.2909899999999976,0.0,-1.1792699999999985,0.49739163352432836,0.049739163352432836
HCG_VNAR,I93V_S92Y,antigen,125,ASP,0.9372199999999995,-0.09971999999999866,-1.9084399999999995,0.0,-1.0709399999999996,1.7567219348548018,0.1756721934854802
HCG_VNAR,I93V_S92Y,antigen,170,ARG,-1.9804699999999997,-12.326179999999997,15.467440000000002,0.0,1.1607899999999973,0.8275213628058186,0.08275213628058185
HCG_VNAR,I93V_S92Y,antigen,124,LYS,-1.0717999999999999,-10.556460000000001,13.455670000000003,0.0,1.827409999999997,2.1921941706655454,0.21921941706655454
HCG_VNAR,I93V_S92Y,antigen,171,LYS,-1.1491500000000003,-6.95105,10.107959999999999,0.0,2.00776,1.334717109502983,0.1334717109502983
HCG_VNAR,I93V_Y97E,antigen,30,ARG,0.2473,-112.44266999999999,101.98586000000002,0.0,-10.209510000000002,1.6581129062581716,0.16581129062581718
HCG_VNAR,I93V_Y97E,antigen,252,LYS,-0.05654999999999998,-60.74481000000001,58.01531999999998,0.0,-2.7860399999999994,1.4367563322985553,0.14367563322985552
HCG_VNAR,I93V_Y97E,antigen,34,ALA,-1.1712400000000003,-4.893579999999999,3.4681399999999996,0.0,-2.5966800000000005,0.6225892687799898,0.06225892687799898
HCG_VNAR,I93V_Y97E,antigen,35,THR,-0.9139700000000004,-6.374449999999999,5.2285200000000005,0.0,-2.0598999999999994,1.271997779086111,0.1271997779086111
HCG_VNAR,I93V_Y97E,antigen,27,PRO,-1.5499199999999993,-5.509540000000002,5.123400000000001,0.0,-1.9360599999999997,0.4503096894360561,0.04503096894360561
HCG_VNAR,I93V_Y97E,antigen,272,HIE,-1.8705999999999994,-3.2031799999999997,3.4463099999999987,0.0,-1.627470000000001,1.011239867242188,0.10112398672421881
HCG_VNAR,I93V_Y97E,antigen,128,LEU,-1.8779699999999984,0.9375099999999993,-0.6664699999999999,0.0,-1.6069300000000006,0.494095097223196,0.0494095097223196
HCG_VNAR,I93V_Y97E,VNAR,368,VAL,-2.2340999999999993,0.3262400000000003,0.3308,0.0,-1.5770599999999997,0.45495546639204365,0.04549554663920437
HCG_VNAR,I93V_Y97E,VNAR,380,ASN,-1.59628,-2.3068400000000007,2.4556899999999997,0.0,-1.44743,0.7188354784649952,0.07188354784649952
HCG_VNAR,I93V_Y97E,antigen,222,PHE,-2.230539999999999,-3.0455699999999997,3.8496200000000003,0.0,-1.4264900000000003,0.35889127866249454,0.035889127866249454
HCG_VNAR,I93V_Y97E,VNAR,375,ASP,-0.1398,-85.73819999999995,84.45837000000002,0.0,-1.419630000000001,1.6899321859471157,0.16899321859471156
HCG_VNAR,I93V_Y97E,VNAR,377,MET,-1.41161,1.34863,-1.07352,0.0,-1.1365000000000003,0.42409858523697064,0.04240985852369707
HCG_VNAR,I93V_Y97E,antigen,273,CYS,-1.2477,-2.5272900000000003,2.6412899999999992,0.0,-1.1337000000000002,0.7368868094897614,0.07368868094897614
HCG_VNAR,I93V_Y97E,antigen,275,THR,-1.9872799999999997,-2.5411400000000004,3.4398499999999985,0.0,-1.0885699999999996,1.5092501996355672,0.15092501996355673
HCG_VNAR,I93V_Y97E,antigen,26,ARG,-0.31294999999999995,-48.006629999999994,47.245509999999996,0.0,-1.074069999999998,0.17974383188304113,0.017974383188304112
HCG_VNAR,I93V_Y97E,antigen,50,ASN,-0.36619,-5.0770100000000005,4.38791,0.0,-1.0552900000000003,0.7766616418363912,0.07766616418363911
HCG_VNAR,I93V_Y97E,VNAR,369,HIE,-3.1281700000000017,-2.0608499999999994,4.14428,0.0,-1.04474,0.9129751981297186,0.09129751981297186
HCG_VNAR,I93V_Y97E,antigen,32,ILE,-1.0037800000000003,-3.80792,3.7758599999999998,0.0,-1.0358399999999996,0.2176685884550232,0.02176685884550232
HCG_VNAR,I93V_Y97E,antigen,33,ASN,-1.5766000000000011,1.5226800000000003,1.07618,0.0,1.02226,0.7559174640131009,0.07559174640131008
HCG_VNAR,I93V_Y97E,antigen,245,GLU,-0.4765399999999998,31.79588,-29.960859999999997,0.0,1.358479999999999,1.3059385474056602,0.130593854740566
HCG_VNAR,I93V_Y97E,VNAR,376,GLU,-1.37014,-87.01071999999998,89.85607000000002,0.0,1.4752099999999997,1.891804362480435,0.1891804362480435
HCG_VNAR,I93V_Y97E,VNAR,371,ASP,-1.9877800000000005,-67.367,72.79746999999999,0.0,3.442689999999999,2.8196771541969143,0.28196771541969146
HCG_VNAR,M96S_S85A,VNAR,380,ASN,-3.6971999999999987,-12.332610000000003,11.122990000000001,0.0,-4.906819999999999,1.3586743419966405,0.13586743419966404
HCG_VNAR,M96S_S85A,antigen,134,ARG,-0.24264999999999978,-45.586940000000006,40.9518,0.0,-4.877789999999997,1.0633417164298586,0.10633417164298586
HCG_VNAR,M96S_S85A,VNAR,382,TYR,-5.173719999999999,-4.219780000000001,4.86105,0.0,-4.532450000000001,1.3813346471800365,0.13813346471800364
HCG_VNAR,M96S_S85A,VNAR,383,GLU,-2.1028100000000003,-68.98449999999997,66.60260000000002,0.0,-4.484709999999999,1.878169823498402,0.18781698234984018
HCG_VNAR,M96S_S85A,antigen,5,GLN,-3.574370000000002,-13.683769999999997,13.746979999999997,0.0,-3.5111599999999994,1.1335391278645843,0.11335391278645843
HCG_VNAR,M96S_S85A,VNAR,374,ILE,-3.370730000000001,-1.06532,1.1794300000000002,0.0,-3.25662,1.6392245409339115,0.16392245409339115
HCG_VNAR,M96S_S85A,antigen,35,THR,-1.5123599999999997,-6.557970000000001,5.324519999999999,0.0,-2.74581,1.040235258919827,0.10402352589198269
HCG_VNAR,M96S_S85A,antigen,133,PRO,-2.5581500000000004,-1.3800899999999998,1.2872100000000004,0.0,-2.6510300000000013,0.33999801337653834,0.03399980133765383
HCG_VNAR,M96S_S85A,antigen,166,MET,-0.84343,-70.56558999999999,68.86088,0.0,-2.5481400000000005,3.0451287690999216,0.3045128769099922
HCG_VNAR,M96S_S85A,antigen,12,LEU,-2.6929000000000003,0.3306800000000008,-0.15594,0.0,-2.518159999999998,0.5699277098018689,0.05699277098018689
HCG_VNAR,M96S_S85A,antigen,128,LEU,-3.0130799999999995,-0.6550999999999993,1.21712,0.0,-2.4510599999999996,0.4850322632567815,0.04850322632567815
HCG_VNAR,M96S_S85A,antigen,127,PRO,-2.977900000000001,0.2222299999999997,0.5350199999999999,0.0,-2.2206499999999987,0.41408439659084223,0.04140843965908422
HCG_VNAR,M96S_S85A,antigen,126,HIE,-1.6383899999999993,-4.4719299999999995,3.952480000000001,0.0,-2.1578399999999993,0.9230765593383882,0.09230765593383881
HCG_VNAR,M96S_S85A,VNAR,378,TYR,-4.788770000000002,-6.505020000000001,9.40614,0.0,-1.8876499999999987,1.0514287553134554,0.10514287553134553
HCG_VNAR,M96S_S85A,VNAR,369,HIE,-3.683149999999998,-1.4120899999999994,3.2732799999999997,0.0,-1.821959999999999,1.3289654391292502,0.13289654391292502
HCG_VNAR,M96S_S85A,antigen,222,PHE,-2.9935400000000016,0.6871100000000006,0.52145,0.0,-1.78498,0.8769763392475312,0.08769763392475312
HCG_VNAR,M96S_S85A,VNAR,341,ALA,-2.7746800000000014,0.6664499999999995,0.34194,0.0,-1.766290000000001,0.510290628857712,0.051029062885771206
HCG_VNAR,M96S_S85A,VNAR,370,CYS,-2.9159699999999993,-2.215530000000001,3.368729999999999,0.0,-1.7627699999999995,0.81601099079608,0.081601099079608
HCG_VNAR,M96S_S85A,antigen,9,LEU,-1.981879999999999,-0.31053999999999976,0.6895700000000002,0.0,-1.6028500000000006,0.39845843886156873,0.039845843886156876
HCG_VNAR,M96S_S85A,antigen,8,LEU,-3.1478399999999986,-0.28645000000000054,1.85816,0.0,-1.576130000000001,0.5589576308630199,0.05589576308630199
HCG_VNAR,M96S_S85A,VNAR,376,GLU,-1.7920299999999998,-69.13216000000003,69.40191999999996,0.0,-1.52227,1.4983119491948274,0.14983119491948274
HCG_VNAR,M96S_S85A,antigen,123,PRO,-1.6514500000000003,2.6117199999999996,-2.47894,0.0,-1.5186699999999995,0.6244153274063674,0.06244153274063674
HCG_VNAR,M96S_S85A,VNAR,368,VAL,-2.3196599999999985,1.2002100000000002,-0.29344999999999993,0.0,-1.4128999999999992,0.621857950017527,0.0621857950017527
HCG_VNAR,M96S_S85A,VNAR,338,VAL,-0.9472600000000003,-3.697640000000003,3.335500000000002,0.0,-1.3093999999999997,0.5950826329174806,0.05950826329174806
HCG_VNAR,M96S_S85A,VNAR,339,ASN,-1.9312300000000011,-0.3942499999999994,1.0347199999999996,0.0,-1.2907600000000001,0.39971762833280067,0.039971762833280064
HCG_VNAR,M96S_S85A,antigen,136,GLN,-1.07138,-4.978209999999999,4.954040000000001,0.0,-1.09555,1.8130221971889915,0.18130221971889915
HCG_VNAR,M96S_S85A,antigen,170,ARG,-0.6025099999999999,-47.53233,47.043230000000015,0.0,-1.091610000000001,1.2829391169888011,0.1282939116988801
HCG_VNAR,M96S_S85A,antigen,167,ASP,-0.4482900000000004,45.29972,-43.79886999999997,0.0,1.052559999999998,1.3639085623310678,0.1363908562331068
HCG_VNAR,M96S_S85A,VNAR,379,HIE,-1.0867600000000004,0.8745000000000006,1.2803699999999996,0.0,1.0681100000000001,0.7669570248064744,0.07669570248064744
HCG_VNAR,M96S_S85A,VNAR,304,LYS,-0.5478799999999999,36.040389999999995,-34.29431000000002,0.0,1.1982000000000013,0.9501254653991733,0.09501254653991734
HCG_VNAR,M96S_S85A,VNAR,306,SER,-2.8570800000000007,-4.554340000000001,8.68132,0.0,1.2699,1.1195784876461319,0.11195784876461319
HCG_VNAR,M96S_S85A,antigen,224,ARG,-2.2977699999999985,-27.371820000000007,31.821309999999997,0.0,2.151720000000003,2.3911313058048527,0.23911313058048528
HCG_VNAR,M96S_S85A,antigen,198,GLU,-0.5048399999999998,42.63005999999999,-39.53803999999998,0.0,2.587180000000003,2.499991485505497,0.24999914855054972
HCG_VNAR,M96S_S85A,VNAR,340,LYS,-4.6936399999999985,52.78331999999998,-45.337650000000004,0.0,2.7520299999999995,1.6406673060373946,0.16406673060373947
HCG_VNAR,M96S_S85V,antigen,153,ARG,0.38870999999999994,-58.93989,49.38553000000002,0.0,-9.165649999999998,1.3043011337494321,0.1304301133749432
HCG_VNAR,M96S_S85V,antigen,26,ARG,-0.98587,-63.97646999999997,57.14188999999998,0.0,-7.8204500000000055,1.2982564952658493,0.12982564952658493
HCG_VNAR,M96S_S85V,antigen,166,MET,-7.2593000000000005,-114.05481,115.16119999999995,0.0,-6.152909999999999,2.7231353623902006,0.27231353623902005
HCG_VNAR,M96S_S85V,antigen,170,ARG,-0.15666,-85.96631000000005,80.85757999999997,0.0,-5.265390000000004,3.2534677557799765,0.3253467755779976
HCG_VNAR,M96S_S85V,VNAR,371,ASP,-1.1818400000000004,-82.20250999999999,79.14256000000002,0.0,-4.241790000000002,2.505492703222261,0.2505492703222261
HCG_VNAR,M96S_S85V,antigen,171,LYS,-0.2260399999999999,-98.0203,94.50795000000002,0.0,-3.73839,3.991565351826275,0.3991565351826275
HCG_VNAR,M96S_S85V,VNAR,388,ILE,-3.584430000000001,0.0028599999999998713,-0.1402899999999999,0.0,-3.721860000000001,0.6777625545867789,0.0677762554586779
HCG_VNAR,M96S_S85V,VNAR,369,HIE,-2.4062099999999997,-5.109799999999999,3.88053,0.0,-3.6354799999999994,0.5949834868296747,0.059498348682967474
HCG_VNAR,M96S_S85V,antigen,142,LYS,-0.9597199999999998,-41.61924000000001,39.650780000000005,0.0,-2.92818,1.9956965620053573,0.19956965620053574
HCG_VNAR,M96S_S85V,VNAR,320,GLU,-1.1501599999999998,-63.08592999999999,61.36531,0.0,-2.8707799999999977,2.2605848560936606,0.22605848560936606
HCG_VNAR,M96S_S85V,antigen,123,PRO,-2.713719999999999,-0.3740599999999998,0.34893,0.0,-2.7388500000000016,0.4108162697605786,0.04108162697605786
HCG_VNAR,M96S_S85V,antigen,25,LEU,-2.0156099999999997,-3.117510000000001,2.6664099999999995,0.0,-2.4667100000000004,0.621949247045123,0.0621949247045123
HCG_VNAR,M96S_S85V,antigen,148,LEU,-2.5479600000000007,1.3913399999999996,-1.2982900000000002,0.0,-2.454910000000001,0.6491859224444088,0.06491859224444088
HCG_VNAR,M96S_S85V,antigen,136,GLN,-1.6646099999999993,-9.02737,8.295759999999998,0.0,-2.396219999999999,1.149243295216467,0.1149243295216467
HCG_VNAR,M96S_S85V,antigen,149,PRO,-2.3079899999999998,-0.7508499999999999,0.7399500000000002,0.0,-2.318890000000002,0.34490810065870825,0.034490810065870826
HCG_VNAR,M96S_S85V,VNAR,374,ILE,-2.42659,0.14978999999999998,0.1598099999999999,0.0,-2.1169899999999995,0.3399542173587466,0.03399542173587466
HCG_VNAR,M96S_S85V,VNAR,378,TYR,-4.503610000000002,-5.07262,7.636410000000001,0.0,-1.9398199999999994,0.7851494428451189,0.07851494428451189
HCG_VNAR,M96S_S85V,VNAR,375,ASP,-1.8735700000000015,-80.78304999999999,80.85239999999997,0.0,-1.804220000000002,2.1366514061961515,0.21366514061961514
HCG_VNAR,M96S_S85V,VNAR,368,VAL,-1.7752100000000006,0.7498200000000008,-0.7576499999999998,0.0,-1.783039999999999,0.3274617510488828,0.03274617510488828
HCG_VNAR,M96S_S85V,antigen,169,TYR,-2.20957,-2.8103400000000005,3.2837900000000007,0.0,-1.7361200000000014,0.7115647725962829,0.07115647725962829
HCG_VNAR,M96S_S85V,antigen,222,PHE,-3.33763,-0.05694999999999879,1.7291800000000008,0.0,-1.665399999999998,0.6084978553783078,0.06084978553783078
HCG_VNAR,M96S_S85V,VNAR,321,GLY,-1.7514499999999995,-0.46183999999999936,0.56479,0.0,-1.6484999999999992,0.5085334305628291,0.050853343056282904
HCG_VNAR,M96S_S85V,antigen,146,PRO,-1.7152399999999994,-0.6863699999999997,0.7954100000000003,0.0,-1.6061999999999999,0.4270218963940876,0.042702189639408764
HCG_VNAR,M96S_S85V,antigen,143,ALA,-1.80482,-0.9118700000000004,1.1273,0.0,-1.5893900000000005,0.5497563441198317,0.054975634411983165
HCG_VNAR,M96S_S85V,antigen,172,TYR,-2.8284899999999995,-1.6673899999999993,2.99769,0.0,-1.4981899999999992,0.6279043986945798,0.06279043986945798
HCG_VNAR,M96S_S85V,antigen,144,PRO,-2.4707399999999993,1.2288200000000002,-0.13200999999999993,0.0,-1.3739299999999992,0.6502237346483137,0.06502237346483138
HCG_VNAR,M96S_S85V,antigen,157,PRO,-1.42178,-1.1327099999999986,1.2587399999999993,0.0,-1.2957500000000002,0.772478897770029,0.07724788977700289
HCG_VNAR,M96S_S85V,antigen,158,SER,-1.8021999999999998,-7.338819999999999,7.89864,0.0,-1.2423799999999992,1.9520856476087314,0.19520856476087314
HCG_VNAR,M96S_S85V,VNAR,341,ALA,-2.3135799999999995,0.5610600000000002,0.55542,0.0,-1.1970999999999998,0.6245123937921494,0.06245123937921494
HCG_VNAR,M96S_S85V,antigen,147,SER,-3.6578299999999997,-6.681529999999999,9.153550000000005,0.0,-1.1858100000000007,1.310566638481234,0.1310566638481234
HCG_VNAR,M96S_S85V,antigen,275,THR,0.03574000000000005,-10.154010000000001,8.976999999999999,0.0,-1.1412699999999998,1.24464892925676,0.124464892925676
HCG_VNAR,M96S_S85V,VNAR,306,SER,0.009160000000000003,-10.15103,9.009519999999998,0.0,-1.1323499999999997,0.8874504535465639,0.0887450453546564
HCG_VNAR,M96S_S85V,antigen,245,GLU,-0.04264999999999995,26.81154,-27.86499000000002,0.0,-1.0961000000000005,1.3535848809734843,0.13535848809734843
HCG_VNAR,M96S_S85V,antigen,127,PRO,-1.1095900000000005,-0.5698700000000002,0.61676,0.0,-1.0627000000000018,0.47819591173492787,0.047819591173492784
HCG_VNAR,M96S_S85V,antigen,145,PRO,-0.70184,1.13558,0.5901399999999999,0.0,1.0238799999999988,0.7287576727554925,0.07287576727554926
HCG_VNAR,M96S_S85V,VNAR,322,ALA,-1.4810900000000007,-1.3943199999999996,3.96492,0.0,1.089509999999999,0.7483763023372665,0.07483763023372665
HCG_VNAR,M96S_S85V,antigen,131,ASP,-1.6434700000000004,-1.8710299999999989,5.653699999999995,0.0,2.1392,3.779919610256281,0.3779919610256281
HCG_VNAR,M96S_S85V,VNAR,373,SER,-2.7101200000000008,0.3883799999999999,4.61966,0.0,2.297920000000001,1.4876787064416832,0.14876787064416833
HCG_VNAR,M96S_S85V,VNAR,282,VAL,-0.7337200000000003,26.176759999999998,-23.144130000000008,0.0,2.29891,1.6080920439763382,0.16080920439763383
HCG_VNAR,WT_original,antigen,170,ARG,-0.58597,-98.29855999999997,92.52529000000003,0.0,-6.35924,2.00922859884086,0.20092285988408598
HCG_VNAR,WT_original,antigen,224,ARG,-1.735459999999999,-63.9776,59.411890000000014,0.0,-6.301170000000004,1.987254724764786,0.1987254724764786
HCG_VNAR,WT_original,VNAR,380,ASN,-1.7295999999999998,-11.495449999999996,7.995650000000001,0.0,-5.229399999999999,0.8095168064963258,0.08095168064963258
HCG_VNAR,WT_original,VNAR,374,ILE,-4.522650000000001,0.8255500000000012,-0.8785999999999997,0.0,-4.5756999999999985,0.5843557050290648,0.05843557050290647
HCG_VNAR,WT_original,antigen,30,ARG,-0.2691799999999999,-66.66081999999999,62.537920000000014,0.0,-4.392080000000002,2.8524463559548368,0.2852446355954837
HCG_VNAR,WT_original,antigen,273,CYS,-2.457820000000001,-5.3536499999999965,3.6932100000000014,0.0,-4.1182599999999985,1.2864369445876487,0.12864369445876486
HCG_VNAR,WT_original,antigen,26,ARG,-2.0712200000000007,-25.78826,24.034430000000008,0.0,-3.825049999999998,1.1544816445054467,0.11544816445054466
HCG_VNAR,WT_original,antigen,32,ILE,-3.1664499999999993,-3.382610000000001,3.124920000000001,0.0,-3.4241399999999977,0.6184174159902119,0.06184174159902119
HCG_VNAR,WT_original,VNAR,376,GLU,-1.5885999999999998,-88.29552999999996,86.55067000000001,0.0,-3.3334599999999996,1.5145462978727333,0.15145462978727334
HCG_VNAR,WT_original,antigen,171,LYS,-0.43608999999999976,-104.13080999999998,101.25447999999997,0.0,-3.3124199999999977,2.3761562582456586,0.23761562582456586
HCG_VNAR,WT_original,antigen,127,PRO,-2.7135999999999996,-4.7882500000000014,4.231489999999997,0.0,-3.2703599999999993,0.5604376596910705,0.056043765969107054
HCG_VNAR,WT_original,VNAR,375,ASP,-2.9098900000000016,-59.15767000000001,58.87855999999997,0.0,-3.189000000000002,1.0651321326483383,0.10651321326483383
HCG_VNAR,WT_original,antigen,222,PHE,-3.9220000000000015,-2.3033099999999997,3.3772200000000003,0.0,-2.8480900000000013,0.5061108592986326,0.05061108592986326
HCG_VNAR,WT_original,VNAR,371,ASP,-1.9072,-86.88516999999997,86.10792999999998,0.0,-2.6844399999999995,2.14077455758424,0.21407745575842402
HCG_VNAR,WT_original,antigen,1,MET,-1.8761400000000006,-86.92270000000002,86.12683000000003,0.0,-2.67201,2.352942598088613,0.2352942598088613
HCG_VNAR,WT_original,antigen,128,LEU,-1.3567600000000002,-3.766599999999999,2.659560000000001,0.0,-2.4637999999999978,0.3979509768803232,0.03979509768803232
HCG_VNAR,WT_original,antigen,34,ALA,-2.17202,-2.8648900000000004,2.82933,0.0,-2.2075799999999988,0.37534787011517645,0.03753478701151765
HCG_VNAR,WT_original,antigen,33,ASN,-2.5769599999999997,-6.481780000000001,6.935310000000003,0.0,-2.123429999999999,1.2832927822987261,0.1283292782298726
HCG_VNAR,WT_original,VNAR,388,ILE,-2.1126300000000002,1.4022999999999999,-1.4121400000000006,0.0,-2.1224699999999994,0.478548565038081,0.0478548565038081
HCG_VNAR,WT_original,antigen,25,LEU,-2.7662100000000023,-0.15923000000000032,0.8034800000000003,0.0,-2.1219599999999996,0.6752675309830889,0.06752675309830888
HCG_VNAR,WT_original,antigen,272,HIE,-2.9164600000000007,-4.048559999999998,4.8596499999999985,0.0,-2.1053700000000024,0.7132615881287834,0.07132615881287833
HCG_VNAR,WT_original,antigen,50,ASN,-0.23475,-7.6224,6.0115099999999995,0.0,-1.8456400000000013,1.149643627564646,0.1149643627564646
HCG_VNAR,WT_original,VNAR,382,TYR,-1.2665099999999996,-7.79916,7.40809,0.0,-1.6575799999999987,1.289341143220058,0.1289341143220058
HCG_VNAR,WT_original,antigen,182,VAL,-2.5388699999999997,-1.2790599999999994,2.17744,0.0,-1.6404900000000007,0.6695415072271466,0.06695415072271466
HCG_VNAR,WT_original,antigen,247,THR,-1.7150299999999996,-0.10496000000000023,0.28308999999999995,0.0,-1.5369000000000006,0.5854756784017577,0.05854756784017577
HCG_VNAR,WT_original,VNAR,373,SER,-4.148860000000002,-0.33958000000000044,2.9642700000000004,0.0,-1.5241700000000025,0.9576008151103468,0.09576008151103468
HCG_VNAR,WT_original,antigen,3,MET,-1.7031900000000004,-1.6983100000000002,2.15185,0.0,-1.2496499999999993,0.7877574674352519,0.0787757467435252
HCG_VNAR,WT_original,antigen,178,VAL,-1.6531000000000002,-1.0997299999999999,1.5264399999999996,0.0,-1.2263900000000008,0.5423617961287455,0.054236179612874545
HCG_VNAR,WT_original,VNAR,390,THR,-0.31846000000000013,-5.20334,4.38555,0.0,-1.1362499999999998,0.8227262530757118,0.08227262530757118
HCG_VNAR,WT_original,antigen,274,SER,-1.5350300000000003,-0.42239000000000076,0.85808,0.0,-1.0993400000000018,0.5282887509686345,0.052828875096863445
HCG_VNAR,WT_original,VNAR,368,VAL,-3.1391900000000006,0.15412999999999977,1.923740000000001,0.0,-1.0613200000000005,0.5240901044667786,0.05240901044667786
HCG_VNAR,WT_original,antigen,181,SER,-0.9421499999999997,-2.22381,4.362559999999999,0.0,1.1966000000000014,1.5434017882586513,0.15434017882586512
HCG_VNAR,WT_original,antigen,198,GLU,-0.9255499999999997,-12.652590000000005,15.851310000000002,0.0,2.2731699999999972,2.454232438278823,0.24542324382788233
HCG_VNAR,WT_original,VNAR,378,TYR,-4.543370000000001,0.8193500000000007,6.213030000000003,0.0,2.4890100000000004,1.1825887830941066,0.11825887830941066
SH3_VNAR,C87S_C93Y_model,antigen,168,ARG,-3.841,-12.865690000000004,11.007100000000001,0.0,-5.69959,1.03717869333111,0.103717869333111
SH3_VNAR,C87S_C93Y_model,antigen-tail,190,LYS,-1.7194800000000001,-68.53703,65.36284000000003,0.0,-4.893670000000003,2.1513150445948153,0.21513150445948154
SH3_VNAR,C87S_C93Y_model,antigen-tail,191,PRO,-4.350229999999997,-3.312030000000002,2.871129999999999,0.0,-4.7911300000000026,0.7437448171920189,0.07437448171920188
SH3_VNAR,C87S_C93Y_model,VNAR,46,ARG,-3.7673199999999984,-80.59571999999999,79.61780000000003,0.0,-4.745239999999998,1.9675703957927375,0.19675703957927376
SH3_VNAR,C87S_C93Y_model,antigen,142,LEU,-4.209419999999999,-3.1391799999999987,3.8317000000000014,0.0,-3.5168999999999984,0.735833670064103,0.0735833670064103
SH3_VNAR,C87S_C93Y_model,antigen,161,TYR,-3.8944999999999994,-1.7529999999999992,2.7735999999999996,0.0,-2.8738999999999995,0.7682252859675978,0.07682252859675978
SH3_VNAR,C87S_C93Y_model,VNAR,94,TYR,-3.2214200000000006,-2.498160000000001,3.03497,0.0,-2.68461,0.9362171959006093,0.09362171959006092
SH3_VNAR,C87S_C93Y_model,VNAR,33,TYR,-3.6921999999999997,-9.392489999999999,11.000200000000005,0.0,-2.0844899999999997,1.2346596332188062,0.12346596332188062
SH3_VNAR,C87S_C93Y_model,VNAR,44,TRP,-3.157520000000001,-0.5181399999999996,1.9068399999999994,0.0,-1.7688200000000007,0.43292586848096476,0.043292586848096476
SH3_VNAR,C87S_C93Y_model,antigen,157,TRP,-2.3548300000000006,-1.6387099999999992,2.2708300000000006,0.0,-1.7227099999999993,0.4559009167571426,0.04559009167571426
SH3_VNAR,C87S_C93Y_model,VNAR,35,TYR,-2.1714300000000004,0.7683800000000008,-0.12074000000000015,0.0,-1.5237899999999989,1.2213414534437155,0.12213414534437154
SH3_VNAR,C87S_C93Y_model,VNAR,92,TYR,-4.82404,-8.977130000000002,12.290190000000004,0.0,-1.5109799999999998,0.6789873191746653,0.06789873191746652
SH3_VNAR,C87S_C93Y_model,antigen,138,SER,-0.6897899999999999,-9.507549999999998,8.68766,0.0,-1.5096800000000004,0.8841398857646912,0.08841398857646912
SH3_VNAR,C87S_C93Y_model,antigen-tail,192,ARG,-2.448580000000001,-20.13583000000001,21.09179,0.0,-1.4926199999999994,0.6269450020536028,0.06269450020536028
SH3_VNAR,C87S_C93Y_model,VNAR,90,PRO,-4.397899999999999,-6.798989999999999,9.79556,0.0,-1.4013300000000013,0.9133024258699844,0.09133024258699844
SH3_VNAR,C87S_C93Y_model,antigen,159,ASN,-2.7215499999999992,0.6852600000000001,0.6893699999999998,0.0,-1.3469199999999995,1.5724227337456045,0.15724227337456045
SH3_VNAR,C87S_C93Y_model,VNAR,93,TYR,-2.8320299999999987,1.216259999999999,0.31254000000000004,0.0,-1.3032300000000019,0.8658892175676969,0.08658892175676969
SH3_VNAR,C87S_C93Y_model,antigen,166,GLY,0.32726,-3.4668599999999987,1.8373299999999992,0.0,-1.30227,0.41194916810208426,0.041194916810208426
SH3_VNAR,C87S_C93Y_model,VNAR,30,SER,0.005269999999999997,-4.3914100000000005,3.1834700000000002,0.0,-1.2026700000000008,0.7395074043577917,0.07395074043577918
SH3_VNAR,C87S_C93Y_model,VNAR,43,LYS,-0.6215200000000002,-58.80738,58.35748999999998,0.0,-1.07141,1.1261693220382079,0.11261693220382078
SH3_VNAR,C87S_C93Y_model,antigen,170,ASP,-1.2863200000000008,-11.24413,15.82864,0.0,3.29819,1.6649979801489256,0.16649979801489256
SH3_VNAR,C87S_C93Y_model,VNAR,82,GLU,-0.55277,31.74016000000001,-20.552019999999988,0.0,10.635370000000002,3.2388889226245348,0.3238888922624535
SH3_VNAR,C87Y_E96S_model,VNAR,46,ARG,-0.40452000000000005,-100.65320999999996,92.30561,0.0,-8.752120000000001,1.9359012385966199,0.19359012385966198
SH3_VNAR,C87Y_E96S_model,VNAR,87,TYR,-4.8491800000000005,-1.5824399999999996,1.4397000000000002,0.0,-4.991919999999999,0.6491374227388237,0.06491374227388237
SH3_VNAR,C87Y_E96S_model,VNAR,43,LYS,-2.777029999999999,-69.47248,68.64391999999998,0.0,-3.605589999999999,1.2466166459260855,0.12466166459260855
SH3_VNAR,C87Y_E96S_model,VNAR,94,TYR,-4.020339999999998,-2.858879999999999,3.2987200000000017,0.0,-3.5804999999999993,0.6175207445908183,0.06175207445908183
SH3_VNAR,C87Y_E96S_model,antigen-tail,192,ARG,-3.02221,-13.116200000000001,12.838610000000001,0.0,-3.2998000000000003,0.8348325460833452,0.08348325460833453
SH3_VNAR,C87Y_E96S_model,antigen,161,TYR,-3.334920000000002,-1.9857000000000002,2.2099300000000004,0.0,-3.110689999999999,0.9683235791304481,0.09683235791304481
SH3_VNAR,C87Y_E96S_model,antigen,141,ALA,-3.1202300000000003,-5.5138300000000005,5.84833,0.0,-2.7857300000000005,0.5043201137174655,0.050432011371746556
SH3_VNAR,C87Y_E96S_model,VNAR,90,PRO,-2.34922,-4.356819999999999,3.9762199999999983,0.0,-2.729820000000001,0.8188522135281836,0.08188522135281837
SH3_VNAR,C87Y_E96S_model,antigen-tail,190,LYS,-1.9514699999999996,-43.35253000000001,42.73758,0.0,-2.56642,1.2433160272432702,0.12433160272432701
SH3_VNAR,C87Y_E96S_model,VNAR,44,TRP,-3.638050000000001,1.0815600000000012,0.14923999999999993,0.0,-2.407249999999998,0.47292296148527657,0.04729229614852766
SH3_VNAR,C87Y_E96S_model,VNAR,88,ASP,-3.4080499999999994,-2.479279999999999,3.7005499999999985,0.0,-2.1867800000000006,1.2729172210320676,0.12729172210320677
SH3_VNAR,C87Y_E96S_model,antigen-tail,187,PRO,-1.8575300000000001,-1.2751299999999999,0.9835600000000001,0.0,-2.1490999999999985,0.4715995229005254,0.04715995229005254
SH3_VNAR,C87Y_E96S_model,VNAR,92,TYR,-6.30843,-5.0297100000000015,9.52072,0.0,-1.8174199999999987,1.1798601034020966,0.11798601034020965
SH3_VNAR,C87Y_E96S_model,antigen,170,ASP,0.51719,-40.11244999999999,37.79449999999999,0.0,-1.800760000000002,1.4717368862673808,0.14717368862673808
SH3_VNAR,C87Y_E96S_model,antigen,143,GLY,-1.5478999999999996,-0.73083,0.7239800000000003,0.0,-1.5547500000000016,0.4656454096198063,0.046564540961980636
SH3_VNAR,C87Y_E96S_model,VNAR,84,TYR,-2.5681200000000017,0.98059,0.08342999999999996,0.0,-1.5041,0.5137039127746647,0.05137039127746647
SH3_VNAR,C87Y_E96S_model,antigen,138,SER,-1.8137300000000007,-1.9644999999999997,2.46446,0.0,-1.3137700000000008,0.37959348927504066,0.037959348927504064
SH3_VNAR,C87Y_E96S_model,antigen,142,LEU,-1.8477500000000007,-2.6650900000000024,3.4083000000000006,0.0,-1.1045400000000005,0.4585836329395127,0.04585836329395127
SH3_VNAR,C87Y_E96S_model,antigen,140,VAL,-1.86705,-2.3622100000000006,3.203320000000001,0.0,-1.0259399999999999,0.436645412663411,0.0436645412663411
SH3_VNAR,C87Y_E96S_model,antigen-tail,186,PRO,-0.9705500000000005,5.249859999999999,-3.2570399999999995,0.0,1.0222700000000007,0.6043369896837357,0.06043369896837357
SH3_VNAR,C87Y_E96S_model,antigen,168,ARG,-4.291230000000001,2.9795300000000005,2.39196,0.0,1.0802599999999984,1.680566247548727,0.1680566247548727
SH3_VNAR,C87Y_E96S_model,antigen-tail,185,SER,-0.8667599999999998,-7.491949999999998,9.58451,0.0,1.2257999999999987,0.9658262266060091,0.09658262266060091
SH3_VNAR,C87Y_E96S_model,VNAR,86,SER,-2.9425500000000007,-3.329600000000001,7.850899999999999,0.0,1.5787499999999992,1.0403812702562456,0.10403812702562457
SH3_VNAR,C87Y_E96S_model,VNAR,33,TYR,-2.09459,-4.240009999999998,8.034589999999994,0.0,1.6999900000000008,1.4911693431330986,0.14911693431330986
SH3_VNAR,C87Y_E96S_model,antigen-tail,211,GLU,-2.04738,-3.5064300000000004,7.367630000000003,0.0,1.813819999999999,2.4460862960247343,0.24460862960247343
SH3_VNAR,C87Y_E96S_model,antigen,163,GLU,-0.5613000000000001,23.054869999999998,-20.653250000000003,0.0,1.8403200000000022,1.0966192309092535,0.10966192309092535
SH3_VNAR,C87Y_E96S_model,antigen,159,ASN,-1.53701,5.8038300000000005,-2.27413,0.0,1.99269,0.8080463315305623,0.08080463315305622
SH3_VNAR,C87Y_E96S_model,VNAR,82,GLU,-1.02299,43.33205000000001,-35.44994999999999,0.0,6.859110000000003,1.7663815776609457,0.17663815776609457
SH3_VNAR,C87Y_Y92D_model,antigen-tail,192,ARG,-6.234530000000002,-74.37270999999998,71.49326,0.0,-9.113979999999996,3.5465824563373713,0.35465824563373716
SH3_VNAR,C87Y_Y92D_model,antigen-tail,195,ARG,-5.62601,-23.20771,21.13505,0.0,-7.698670000000002,1.9985378057719985,0.19985378057719985
SH3_VNAR,C87Y_Y92D_model,VNAR,39,LYS,-2.1047100000000007,-78.96493000000002,76.91638999999999,0.0,-4.15325,3.6614211349556656,0.3661421134955666
SH3_VNAR,C87Y_Y92D_model,VNAR,42,THR,-3.4467500000000006,-5.06874,5.093329999999998,0.0,-3.4221600000000008,0.7515121252514775,0.07515121252514775
SH3_VNAR,C87Y_Y92D_model,VNAR,44,TRP,-5.370360000000002,-1.1910400000000008,3.23411,0.0,-3.3272900000000014,0.8375782267346749,0.08375782267346749
SH3_VNAR,C87Y_Y92D_model,antigen-tail,189,PRO,-2.3232099999999996,-7.23328,6.427430000000002,0.0,-3.129060000000001,1.8271861252756891,0.1827186125275689
SH3_VNAR,C87Y_Y92D_model,VNAR,41,ALA,-0.7760800000000002,-5.98872,4.058450000000001,0.0,-2.706349999999999,1.1515856926429797,0.11515856926429797
SH3_VNAR,C87Y_Y92D_model,VNAR,96,GLU,0.34718000000000004,-12.259860000000002,9.431249999999999,0.0,-2.481429999999999,1.9615904988299664,0.19615904988299665
SH3_VNAR,C87Y_Y92D_model,antigen,127,HIE,-1.2127999999999997,-4.90537,3.661530000000001,0.0,-2.456640000000001,1.74071952088784,0.174071952088784
SH3_VNAR,C87Y_Y92D_model,antigen,183,LYS,-0.4084599999999999,-54.77231000000003,52.91816000000001,0.0,-2.262610000000001,1.6526274104891296,0.16526274104891298
SH3_VNAR,C87Y_Y92D_model,antigen-tail,194,PRO,-2.4356999999999998,1.0133900000000005,-0.8134699999999999,0.0,-2.2357799999999988,0.4213534758370957,0.04213534758370957
SH3_VNAR,C87Y_Y92D_model,VNAR,35,TYR,-2.4064600000000005,0.4060300000000012,-0.23071999999999993,0.0,-2.231149999999998,0.9165043085005132,0.09165043085005133
SH3_VNAR,C87Y_Y92D_model,VNAR,40,GLY,-1.17106,-4.769200000000001,4.097289999999998,0.0,-1.8429700000000004,0.555518864756182,0.05555188647561819
SH3_VNAR,C87Y_Y92D_model,antigen,164,THR,-3.06512,-4.002890000000001,5.282889999999998,0.0,-1.7851199999999994,1.1757189909157706,0.11757189909157706
SH3_VNAR,C87Y_Y92D_model,antigen,131,ILE,-1.6520699999999993,-0.5626300000000005,0.6253900000000001,0.0,-1.5893100000000002,0.6890326072835757,0.06890326072835758
SH3_VNAR,C87Y_Y92D_model,antigen-tail,197,LEU,-1.6428700000000003,0.6992400000000002,-0.5116400000000001,0.0,-1.455270000000001,0.773898441076086,0.0773898441076086
SH3_VNAR,C87Y_Y92D_model,antigen-tail,191,PRO,-2.1044399999999994,0.5771599999999999,0.18587999999999988,0.0,-1.3414000000000004,0.7483294461665929,0.07483294461665929
SH3_VNAR,C87Y_Y92D_model,VNAR,37,THR,-1.2738399999999996,0.35922999999999944,-0.29209999999999986,0.0,-1.2067099999999997,0.5332528723785742,0.05332528723785742
SH3_VNAR,C87Y_Y92D_model,antigen-tail,186,PRO,-1.8536299999999999,-2.087189999999999,2.7599200000000015,0.0,-1.1809,0.8283466846677177,0.08283466846677176
SH3_VNAR,C87Y_Y92D_model,VNAR,86,SER,-1.8183499999999997,-13.124340000000002,13.807449999999996,0.0,-1.1352399999999998,1.7804658779094873,0.17804658779094873
SH3_VNAR,C87Y_Y92D_model,antigen-tail,210,VAL,-1.4104500000000004,-3.4043799999999997,3.7019100000000007,0.0,-1.1129200000000008,1.245519029802436,0.12455190298024359
SH3_VNAR,C87Y_Y92D_model,antigen,130,ASP,-0.48977999999999994,-0.8911000000000007,2.4398600000000004,0.0,1.0589799999999991,1.3827628790215611,0.13827628790215613
SH3_VNAR,C87Y_Y92D_model,VNAR,78,THR,-0.7335299999999997,0.0479699999999999,1.9448100000000006,0.0,1.2592499999999998,1.0417993796792155,0.10417993796792155
SH3_VNAR,C87Y_Y92D_model,VNAR,88,ASP,-1.2065700000000001,-26.213410000000003,29.161170000000006,0.0,1.741189999999998,1.869949329233283,0.1869949329233283
SH3_VNAR,C87Y_Y92D_model,VNAR,55,ASP,-0.39405,47.88584,-45.12606999999999,0.0,2.3657199999999983,1.6357098708511861,0.1635709870851186
SH3_VNAR,C87Y_Y92D_model,antigen-tail,211,GLU,-2.4147,-28.00946,33.44791,0.0,3.0237499999999993,3.8927533376133674,0.3892753337613367
SH3_VNAR,C93Y_Y94A_model,antigen,168,ARG,-4.11903,-32.735599999999984,31.83425999999999,0.0,-5.020369999999999,1.9796345908020516,0.19796345908020516
SH3_VNAR,C93Y_Y94A_model,VNAR,95,HIE,-1.8277599999999996,-3.384629999999999,0.5640399999999998,0.0,-4.648349999999999,1.1585645115831942,0.11585645115831941
SH3_VNAR,C93Y_Y94A_model,VNAR,82,GLU,0.012259999999999983,-12.32974,7.9864299999999995,0.0,-4.331050000000001,2.8616073887764557,0.2861607388776456
SH3_VNAR,C93Y_Y94A_model,VNAR,92,TYR,-4.284929999999999,-8.543089999999998,8.81134,0.0,-4.016680000000001,1.0009938848964097,0.10009938848964098
SH3_VNAR,C93Y_Y94A_model,antigen-tail,185,SER,-2.739929999999999,-14.112090000000007,13.048059999999998,0.0,-3.8039599999999973,1.239909496052033,0.1239909496052033
SH3_VNAR,C93Y_Y94A_model,VNAR,43,LYS,-2.9039499999999987,-53.86864999999998,53.22492999999999,0.0,-3.547670000000003,1.3403366446904261,0.1340336644690426
SH3_VNAR,C93Y_Y94A_model,antigen,140,VAL,-3.3261699999999994,-5.442080000000001,5.9207899999999976,0.0,-2.8474600000000017,0.7426896985955794,0.07426896985955794
SH3_VNAR,C93Y_Y94A_model,antigen-tail,186,PRO,-2.001850000000001,-3.596830000000001,2.90061,0.0,-2.698070000000001,0.7056551460168077,0.07056551460168077
SH3_VNAR,C93Y_Y94A_model,antigen,135,ASN,-2.563309999999999,-10.259400000000003,10.284059999999997,0.0,-2.538649999999999,1.7187761598009195,0.17187761598009194
SH3_VNAR,C93Y_Y94A_model,antigen,141,ALA,-2.81498,-5.08072,5.487039999999999,0.0,-2.40866,0.6592677941474123,0.06592677941474123
SH3_VNAR,C93Y_Y94A_model,antigen-tail,187,PRO,-2.09097,-2.3933799999999996,2.1128200000000006,0.0,-2.3715300000000004,0.4661163257170898,0.04661163257170898
SH3_VNAR,C93Y_Y94A_model,antigen,183,LYS,-0.06458999999999997,-25.393669999999993,23.08755,0.0,-2.3707099999999985,0.7332925104622303,0.07332925104622304
SH3_VNAR,C93Y_Y94A_model,VNAR,33,TYR,-2.1506800000000004,-3.62723,3.6264099999999986,0.0,-2.1515,0.7570016974881908,0.07570016974881907
SH3_VNAR,C93Y_Y94A_model,VNAR,93,TYR,-5.673670000000002,-3.5170199999999996,7.2761900000000015,0.0,-1.9144999999999996,0.8779802902115742,0.08779802902115742
SH3_VNAR,C93Y_Y94A_model,antigen-tail,188,THR,-0.6905799999999997,-10.109489999999997,8.948830000000001,0.0,-1.8512399999999998,0.735836056740901,0.0735836056740901
SH3_VNAR,C93Y_Y94A_model,VNAR,44,TRP,-4.668940000000001,1.9704300000000001,0.9010099999999998,0.0,-1.7975000000000005,0.7080442429679106,0.07080442429679105
SH3_VNAR,C93Y_Y94A_model,VNAR,84,TYR,-4.52402,1.01413,2.4658999999999995,0.0,-1.04399,1.0078789857418398,0.10078789857418398
SH3_VNAR,C93Y_Y94A_model,antigen,163,GLU,-0.9077700000000002,25.23126999999999,-23.010539999999995,0.0,1.3129600000000008,1.4057816254312037,0.14057816254312036
SH3_VNAR,C93Y_Y94A_model,VNAR,96,GLU,-1.75337,-9.1387,15.475380000000005,0.0,4.583309999999998,3.4726181698971765,0.34726181698971764
SH3_VNAR,C93Y_Y94A_model,antigen,106,GLU,-1.6679599999999997,-22.216659999999987,29.956879999999998,0.0,6.072260000000001,2.46379616291608,0.246379616291608
SH3_VNAR,D89S_C93Y_H95Y_model,VNAR,92,TYR,-5.446189999999999,-7.128740000000001,6.507700000000001,0.0,-6.0672299999999995,1.1563028656454994,0.11563028656454995
SH3_VNAR,D89S_C93Y_H95Y_model,antigen,182,LYS,-1.91441,-19.318770000000004,15.579120000000003,0.0,-5.654060000000003,2.032670459371111,0.2032670459371111
SH3_VNAR,D89S_C93Y_H95Y_model,antigen,168,ARG,-3.5895600000000005,-29.509960000000014,27.6615,0.0,-5.438019999999998,3.4155257866981468,0.3415525786698147
SH3_VNAR,D89S_C93Y_H95Y_model,VNAR,46,ARG,-0.5050699999999999,-85.38009000000002,80.48537999999999,0.0,-5.399780000000004,2.5876933380136045,0.25876933380136047
SH3_VNAR,D89S_C93Y_H95Y_model,antigen,135,ASN,-2.57533,-11.658430000000005,10.167849999999998,0.0,-4.065910000000005,1.2015513729757772,0.12015513729757772
SH3_VNAR,D89S_C93Y_H95Y_model,antigen-tail,189,PRO,-3.3947000000000016,-2.46022,2.795439999999999,0.0,-3.0594799999999993,1.1848077015279712,0.11848077015279712
SH3_VNAR,D89S_C93Y_H95Y_model,VNAR,44,TRP,-4.64141,1.5838100000000004,0.25853000000000004,0.0,-2.79907,0.7047625451880944,0.07047625451880944
SH3_VNAR,D89S_C93Y_H95Y_model,VNAR,94,TYR,-5.915090000000001,-2.340799999999999,5.495500000000001,0.0,-2.7603900000000023,1.8008186410352356,0.18008186410352356
SH3_VNAR,D89S_C93Y_H95Y_model,VNAR,91,GLY,-1.88316,-6.92746,6.134740000000001,0.0,-2.6758800000000003,0.9283427737640868,0.09283427737640867
SH3_VNAR,D89S_C93Y_H95Y_model,antigen,106,GLU,-0.23476000000000005,-25.821139999999993,24.018850000000008,0.0,-2.037049999999999,2.3430071804200687,0.23430071804200686
SH3_VNAR,D89S_C93Y_H95Y_model,antigen-tail,184,ILE,-1.9003099999999995,-1.1508300000000005,1.0435799999999997,0.0,-2.0075600000000002,2.0704800618214123,0.20704800618214123
SH3_VNAR,D89S_C93Y_H95Y_model,antigen-tail,191,PRO,-1.7676200000000006,-1.5668600000000004,1.4170600000000004,0.0,-1.917419999999999,0.7839447069787535,0.07839447069787535
SH3_VNAR,D89S_C93Y_H95Y_model,antigen-tail,192,ARG,-1.23562,-10.216259999999995,9.62747,0.0,-1.8244099999999994,1.1458334616775703,0.11458334616775703
SH3_VNAR,D89S_C93Y_H95Y_model,antigen,133,THR,-1.9647400000000004,-0.14899999999999922,0.40337,0.0,-1.7103699999999988,0.4829734496843494,0.04829734496843494
SH3_VNAR,D89S_C93Y_H95Y_model,VNAR,90,PRO,-2.2159900000000006,-4.50337,5.102540000000002,0.0,-1.6168200000000001,1.6679652117475368,0.1667965211747537
SH3_VNAR,D89S_C93Y_H95Y_model,antigen,122,GLU,0.3658000000000001,-27.410909999999998,25.594480000000008,0.0,-1.450630000000001,1.3467144140834035,0.13467144140834036
SH3_VNAR,D89S_C93Y_H95Y_model,VNAR,84,TYR,-5.127030000000001,1.763400000000001,1.9391600000000004,0.0,-1.4244699999999988,0.9844480327066536,0.09844480327066536
SH3_VNAR,D89S_C93Y_H95Y_model,VNAR,33,TYR,-3.0134400000000006,-7.110560000000003,8.699640000000002,0.0,-1.4243599999999998,0.7479143603381313,0.07479143603381314
SH3_VNAR,D89S_C93Y_H95Y_model,antigen-tail,188,THR,-1.8382200000000004,-2.6253099999999994,3.1200000000000006,0.0,-1.3435300000000001,1.0105588597899662,0.10105588597899662
SH3_VNAR,D89S_C93Y_H95Y_model,antigen-tail,187,PRO,-1.3634,-2.1133299999999995,2.1804300000000008,0.0,-1.2963000000000005,0.4260284380179342,0.042602843801793425
SH3_VNAR,D89S_C93Y_H95Y_model,antigen,141,ALA,-1.92774,-2.323629999999998,3.182029999999998,0.0,-1.0693399999999986,0.4139900535037056,0.04139900535037056
SH3_VNAR,D89S_C93Y_H95Y_model,antigen,166,GLY,-1.1692399999999998,-0.4706000000000005,0.61247,0.0,-1.02737,0.43275320114356136,0.043275320114356135
SH3_VNAR,D89S_C93Y_H95Y_model,VNAR,95,TYR,-2.07735,0.7241300000000004,2.58036,0.0,1.2271400000000015,1.2983479042229005,0.12983479042229004
SH3_VNAR,D89S_C93Y_H95Y_model,VNAR,26,SER,-1.4337499999999996,-2.3413900000000005,5.399149999999999,0.0,1.6240099999999982,1.0198937248066569,0.10198937248066568
SH3_VNAR,D89S_C93Y_H95Y_model,antigen-tail,185,SER,-2.42571,-2.13308,6.1925,0.0,1.6337100000000004,2.1288443639449084,0.21288443639449084
SH3_VNAR,D89S_C93Y_H95Y_model,VNAR,82,GLU,-0.8508500000000002,-0.9948400000000008,3.4803099999999976,0.0,1.6346200000000004,3.7655056201790464,0.37655056201790466
SH3_VNAR,D89S_C93Y_H95Y_model,VNAR,96,GLU,-1.0661100000000006,-16.197,19.22531,0.0,1.9621999999999997,2.8098584768632002,0.28098584768632
SH3_VNAR,D89S_C93Y_H95Y_model,antigen-tail,211,GLU,-3.078670000000001,21.84067000000001,-15.36159,0.0,3.4004099999999973,2.5685122506813176,0.25685122506813174
SH3_VNAR,D89S_C93Y_H95Y_model,antigen,163,GLU,-3.0606099999999996,4.638779999999998,2.292309999999999,0.0,3.8704799999999966,2.7867670389898063,0.27867670389898064
SH3_VNAR,D89S_G91D_model,antigen,168,ARG,-2.276159999999999,-31.994570000000007,30.3347,0.0,-3.9360299999999997,2.0521339500870748,0.20521339500870747
SH3_VNAR,D89S_G91D_model,VNAR,44,TRP,-6.578360000000003,1.8197699999999986,1.6023500000000002,0.0,-3.156239999999999,0.8369433447970107,0.08369433447970107
SH3_VNAR,D89S_G91D_model,VNAR,25,ALA,-2.2076000000000002,-1.3853500000000003,0.99944,0.0,-2.593509999999999,0.8057201312490572,0.08057201312490572
SH3_VNAR,D89S_G91D_model,VNAR,24,ASP,-2.4832099999999997,0.6058499999999971,-0.66214,0.0,-2.539500000000002,2.1350133934006124,0.21350133934006124
SH3_VNAR,D89S_G91D_model,antigen,141,ALA,-2.83062,-1.72906,2.3615699999999995,0.0,-2.1981100000000002,0.553369729837111,0.0553369729837111
SH3_VNAR,D89S_G91D_model,VNAR,94,TYR,-4.4931600000000005,-5.03019,7.475099999999998,0.0,-2.04825,1.52741466128226,0.152741466128226
SH3_VNAR,D89S_G91D_model,antigen,136,LYS,-1.51308,-35.091330000000006,34.993520000000025,0.0,-1.6108899999999995,1.3225416960912826,0.13225416960912825
SH3_VNAR,D89S_G91D_model,antigen,138,SER,-2.4182000000000006,-2.8721700000000023,3.713940000000002,0.0,-1.5764300000000007,0.6106606955585063,0.06106606955585063
SH3_VNAR,D89S_G91D_model,VNAR,82,GLU,-0.6597699999999997,9.186300000000003,-9.96012999999999,0.0,-1.433599999999999,3.477442269829939,0.3477442269829939
SH3_VNAR,D89S_G91D_model,antigen,142,LEU,-1.6170299999999997,-0.6921299999999989,0.8875699999999999,0.0,-1.4215899999999988,0.35865309408954,0.035865309408954
SH3_VNAR,D89S_G91D_model,antigen-tail,186,PRO,-2.1378499999999985,-2.6644099999999993,3.56392,0.0,-1.2383400000000007,0.892524803240783,0.0892524803240783
SH3_VNAR,D89S_G91D_model,antigen,140,VAL,-1.1549,-1.1001899999999991,1.0715299999999999,0.0,-1.1835599999999995,0.37881996568290777,0.03788199656829078
SH3_VNAR,D89S_G91D_model,VNAR,43,LYS,-1.1722499999999996,-70.96861000000001,70.98703000000002,0.0,-1.1538299999999997,2.0688956960417304,0.20688956960417304
SH3_VNAR,D89S_G91D_model,VNAR,93,CYS,-1.57952,0.9381200000000003,-0.44018000000000024,0.0,-1.0815799999999998,0.5325544700779445,0.05325544700779446
SH3_VNAR,D89S_G91D_model,antigen-tail,184,ILE,-1.1613100000000003,-0.6408900000000003,0.7979600000000002,0.0,-1.004240000000001,0.49837821220434547,0.04983782122043455
SH3_VNAR,D89S_G91D_model,antigen,159,ASN,-1.2416100000000005,3.24057,-0.7722300000000001,0.0,1.2267299999999997,1.0997583084932794,0.10997583084932794
SH3_VNAR,D89S_G91D_model,antigen,161,TYR,-2.400949999999999,-1.5553199999999991,5.337200000000001,0.0,1.3809300000000002,1.2688664646447232,0.1268866464644723
SH3_VNAR,D89S_G91D_model,antigen-tail,185,SER,-2.4274000000000004,-3.842120000000001,7.699700000000002,0.0,1.4301800000000011,1.3690979320706018,0.13690979320706018
SH3_VNAR,D89S_G91D_model,antigen,170,ASP,-0.40642,0.9073,1.6411400000000003,0.0,2.14202,1.459379552960777,0.1459379552960777
SH3_VNAR,D89S_G91D_model,VNAR,96,GLU,-2.105340000000001,-30.595110000000005,35.71981,0.0,3.01936,2.5854300126671372,0.2585430012667137
SH3_VNAR,D89S_model,VNAR,46,ARG,-1.5288399999999995,-85.12835000000003,81.04329,0.0,-5.613900000000001,4.110926429650614,0.4110926429650614
SH3_VNAR,D89S_model,VNAR,92,TYR,-3.6300399999999997,-8.36255,6.9091499999999995,0.0,-5.08344,1.1605318032695213,0.11605318032695214
SH3_VNAR,D89S_model,antigen,135,ASN,-2.743450000000001,-11.93375,9.848280000000003,0.0,-4.828919999999999,1.4534178867758636,0.14534178867758635
SH3_VNAR,D89S_model,VNAR,44,TRP,-4.63045,1.0387,0.8406100000000001,0.0,-2.7511400000000004,1.0376619586358602,0.10376619586358601
SH3_VNAR,D89S_model,antigen,182,LYS,-1.88018,-26.24262999999999,25.40888999999999,0.0,-2.713919999999999,1.3722935959917628,0.1372293595991763
SH3_VNAR,D89S_model,VNAR,33,TYR,-3.3560100000000013,-6.185229999999999,6.870440000000001,0.0,-2.670800000000001,0.6973533250798999,0.06973533250799
SH3_VNAR,D89S_model,VNAR,94,TYR,-4.4945200000000005,-0.86245,2.960300000000001,0.0,-2.39667,1.151544658751886,0.1151544658751886
SH3_VNAR,D89S_model,antigen,106,GLU,-0.2523299999999999,-28.15516000000001,26.02369,0.0,-2.3837999999999995,3.0642288948445042,0.3064228894844504
SH3_VNAR,D89S_model,antigen,168,ARG,-3.2358999999999996,-24.978449999999984,25.94751000000002,0.0,-2.266839999999999,2.1396332476384856,0.21396332476384855
SH3_VNAR,D89S_model,VNAR,35,TYR,-1.8813599999999995,-0.3875999999999996,0.27868999999999994,0.0,-1.9902699999999993,0.8180523804133816,0.08180523804133816
SH3_VNAR,D89S_model,antigen,133,THR,-2.0505799999999996,-0.38103999999999993,0.5707899999999999,0.0,-1.8608300000000002,0.4834518187989357,0.04834518187989357
SH3_VNAR,D89S_model,VNAR,91,GLY,-1.1131600000000004,-4.053880000000003,3.3753599999999992,0.0,-1.7916799999999995,0.5614564253795649,0.05614564253795649
SH3_VNAR,D89S_model,antigen,141,ALA,-2.0155000000000007,-2.2285899999999996,2.574079999999999,0.0,-1.6700099999999998,0.5443251141551376,0.054432511415513765
SH3_VNAR,D89S_model,antigen,122,GLU,-0.008240000000000025,-26.652929999999998,25.640059999999995,0.0,-1.0211100000000009,1.5273681081847945,0.15273681081847945
SH3_VNAR,D89S_model,antigen,163,GLU,-2.856820000000001,11.0581,-5.443600000000001,0.0,2.75768,1.7257526003457178,0.17257526003457177
SH3_VNAR,E82A_C93Y_model,antigen-tail,204,SER,-2.7381900000000003,-7.18104,7.007360000000003,0.0,-2.91187,1.1497605546808436,0.11497605546808436
SH3_VNAR,E82A_C93Y_model,VNAR,92,TYR,-5.172489999999998,-5.087959999999999,7.525660000000001,0.0,-2.734790000000001,1.0634879810792406,0.10634879810792405
SH3_VNAR,E82A_C93Y_model,antigen,143,GLY,-1.9511499999999997,-6.012640000000001,5.361869999999999,0.0,-2.601920000000001,1.0506732572974322,0.10506732572974323
SH3_VNAR,E82A_C93Y_model,antigen,141,ALA,-1.90616,-3.6341999999999994,3.157390000000002,0.0,-2.38297,0.7594035350852688,0.07594035350852688
SH3_VNAR,E82A_C93Y_model,antigen-tail,199,VAL,-2.19485,-1.2398500000000001,1.0913199999999998,0.0,-2.34338,0.7429181486543478,0.07429181486543478
SH3_VNAR,E82A_C93Y_model,antigen-tail,197,LEU,-2.3818299999999994,0.035599999999999736,0.5803099999999999,0.0,-1.7659200000000015,0.6287447602962591,0.06287447602962591
SH3_VNAR,E82A_C93Y_model,VNAR,46,ARG,-2.279480000000001,-50.42807,51.06841999999999,0.0,-1.6391300000000013,1.2452633268108368,0.12452633268108368
SH3_VNAR,E82A_C93Y_model,antigen-tail,200,ALA,-0.9660300000000004,0.11335999999999942,-0.5523599999999999,0.0,-1.4050300000000007,1.0282955067002855,0.10282955067002855
SH3_VNAR,E82A_C93Y_model,VNAR,84,TYR,-3.8762699999999994,-3.112630000000002,5.5985000000000005,0.0,-1.3904000000000027,0.7928992369778141,0.0792899236977814
SH3_VNAR,E82A_C93Y_model,antigen-tail,205,LYS,-1.8312400000000009,-5.2226500000000025,5.684750000000003,0.0,-1.3691399999999976,0.5896664484265689,0.05896664484265689
SH3_VNAR,E82A_C93Y_model,antigen-tail,198,PRO,-0.17296000000000003,-3.6772900000000006,2.5979699999999992,0.0,-1.2522799999999996,0.7968330324478275,0.07968330324478276
SH3_VNAR,E82A_C93Y_model,VNAR,33,TYR,-2.8987300000000005,-4.21494,5.90483,0.0,-1.2088400000000008,0.7776205079600209,0.0777620507960021
SH3_VNAR,E82A_C93Y_model,antigen,142,LEU,-1.3976200000000005,-3.84828,4.161700000000001,0.0,-1.0841999999999985,0.7976835086674419,0.07976835086674419
SH3_VNAR,E82A_C93Y_model,antigen,151,ARG,-0.6723599999999998,19.038270000000004,-16.969459999999998,0.0,1.3964500000000002,1.2136577060687241,0.12136577060687241
SH3_VNAR,E82L_E96R_model,VNAR,46,ARG,-0.78207,-95.44698999999999,88.58902,0.0,-7.640040000000006,1.2877280296708353,0.12877280296708354
SH3_VNAR,E82L_E96R_model,antigen,170,ASP,0.97595,-60.892339999999976,56.03753999999997,0.0,-3.8788500000000012,1.4591409553226835,0.14591409553226836
SH3_VNAR,E82L_E96R_model,antigen-tail,192,ARG,-3.521040000000001,-49.98574000000001,49.73319000000002,0.0,-3.773589999999997,2.718595038232063,0.2718595038232063
SH3_VNAR,E82L_E96R_model,antigen-tail,201,PRO,-3.833500000000001,-3.6983800000000024,3.7803200000000015,0.0,-3.7515599999999982,0.9169438949030737,0.09169438949030737
SH3_VNAR,E82L_E96R_model,antigen,142,LEU,-3.867370000000002,-0.9102899999999994,2.0128500000000003,0.0,-2.764809999999999,0.6344318670274999,0.06344318670274998
SH3_VNAR,E82L_E96R_model,antigen-tail,196,PRO,-3.341329999999999,-2.668050000000002,3.4688600000000007,0.0,-2.540520000000001,0.5219080662338873,0.05219080662338873
SH3_VNAR,E82L_E96R_model,VNAR,90,PRO,-3.75696,-4.78485,6.307469999999999,0.0,-2.2343399999999995,0.8490141131924744,0.08490141131924744
SH3_VNAR,E82L_E96R_model,VNAR,28,ALA,-2.39424,0.26940000000000053,-0.09939999999999999,0.0,-2.224239999999999,0.42017870293484094,0.0420178702934841
SH3_VNAR,E82L_E96R_model,VNAR,82,LEU,-2.02487,1.5940800000000002,-1.34445,0.0,-1.7752400000000004,0.3229292219666704,0.03229292219666704
SH3_VNAR,E82L_E96R_model,antigen,168,ARG,-2.823529999999999,21.55525,-20.29135000000001,0.0,-1.5596300000000012,1.0872425732558533,0.10872425732558533
SH3_VNAR,E82L_E96R_model,antigen-tail,198,PRO,-1.39768,-1.0297200000000002,0.8801700000000003,0.0,-1.54723,1.1677901768297259,0.11677901768297258
SH3_VNAR,E82L_E96R_model,antigen,161,TYR,-3.069799999999999,-0.8880899999999999,2.4604099999999995,0.0,-1.49748,0.7275664296818533,0.07275664296818532
SH3_VNAR,E82L_E96R_model,antigen-tail,184,ILE,-1.5762600000000004,-0.7170400000000002,0.79673,0.0,-1.4965700000000017,0.29145477367852424,0.029145477367852425
SH3_VNAR,E82L_E96R_model,antigen-tail,187,PRO,-1.7283899999999992,-0.11433999999999976,0.40479999999999966,0.0,-1.4379300000000004,1.0698040124714414,0.10698040124714414
SH3_VNAR,E82L_E96R_model,antigen,166,GLY,0.10676000000000001,-3.954,2.4103599999999994,0.0,-1.4368800000000015,0.6629892650714624,0.06629892650714624
SH3_VNAR,E82L_E96R_model,VNAR,84,TYR,-1.627729999999999,-2.826870000000002,3.1292300000000015,0.0,-1.3253699999999993,0.9354040480455492,0.09354040480455492
SH3_VNAR,E82L_E96R_model,VNAR,44,TRP,-2.8447099999999996,1.2404000000000002,0.32681,0.0,-1.2775,0.5527285138293468,0.05527285138293468
SH3_VNAR,E82L_E96R_model,VNAR,27,TYR,-3.237789999999998,-7.628750000000002,9.63133,0.0,-1.235210000000001,1.7204488501260367,0.17204488501260368
SH3_VNAR,E82L_E96R_model,antigen-tail,190,LYS,-0.6945200000000001,-31.615799999999993,31.16427000000001,0.0,-1.146049999999999,2.082197883847738,0.20821978838477379
SH3_VNAR,E82L_E96R_model,VNAR,92,TYR,-6.203350000000001,-7.90454,12.99089,0.0,-1.1170000000000007,0.9976942417394222,0.09976942417394222
SH3_VNAR,E82L_E96R_model,VNAR,94,TYR,-4.56774,-4.143140000000001,7.60319,0.0,-1.1076900000000012,1.1163548154148848,0.11163548154148847
SH3_VNAR,E82L_E96R_model,antigen-tail,200,ALA,-1.1052200000000005,0.2326199999999995,-0.2194799999999998,0.0,-1.0920800000000004,1.1542776847881977,0.11542776847881978
SH3_VNAR,E82L_E96R_model,VNAR,86,SER,-2.67109,-5.174859999999999,9.025080000000004,0.0,1.17913,1.0768604334360141,0.1076860433436014
SH3_VNAR,E82L_E96R_model,VNAR,24,ASP,-0.8860699999999996,-12.111930000000005,14.843969999999997,0.0,1.8459700000000003,1.388018655890474,0.1388018655890474
SH3_VNAR,E82L_E96V_model,VNAR,46,ARG,-2.06233,-107.27704999999995,96.80922000000004,0.0,-12.530159999999999,2.372685072739338,0.23726850727393378
SH3_VNAR,E82L_E96V_model,antigen,123,ASP,0.8117799999999998,-48.235549999999975,39.148610000000005,0.0,-8.275159999999998,1.7435156077305405,0.17435156077305405
SH3_VNAR,E82L_E96V_model,antigen-tail,195,ARG,-1.15391,-46.96109999999999,41.91736999999999,0.0,-6.197639999999999,1.4225072971341892,0.14225072971341893
SH3_VNAR,E82L_E96V_model,antigen,142,LEU,-4.719959999999998,-2.3831100000000003,2.6530600000000004,0.0,-4.450009999999999,0.6537389768860425,0.06537389768860426
SH3_VNAR,E82L_E96V_model,VNAR,28,ALA,-3.4793699999999994,-3.577950000000001,3.2215900000000004,0.0,-3.8357300000000003,0.7412840056955279,0.07412840056955279
SH3_VNAR,E82L_E96V_model,VNAR,43,LYS,-2.715000000000001,-70.02940000000004,69.1056,0.0,-3.6388000000000007,1.375540700960895,0.1375540700960895
SH3_VNAR,E82L_E96V_model,VNAR,88,ASP,0.2884699999999999,-22.473899999999993,18.846529999999998,0.0,-3.338899999999998,1.478089953284305,0.1478089953284305
SH3_VNAR,E82L_E96V_model,antigen-tail,203,SER,-1.8371999999999988,-6.226210000000004,5.231400000000001,0.0,-2.8320100000000026,1.3765462614456483,0.13765462614456483
SH3_VNAR,E82L_E96V_model,antigen-tail,199,VAL,-2.1698099999999996,-4.1322899999999985,3.670420000000001,0.0,-2.6316799999999994,0.9085405756486634,0.09085405756486634
SH3_VNAR,E82L_E96V_model,antigen-tail,198,PRO,-2.9518199999999992,-5.68342,6.045549999999997,0.0,-2.58969,0.9594415427215965,0.09594415427215966
SH3_VNAR,E82L_E96V_model,VNAR,35,TYR,-1.3124999999999998,-9.5587,8.32124,0.0,-2.5499600000000013,0.6423211956645974,0.06423211956645974
SH3_VNAR,E82L_E96V_model,antigen,122,GLU,-1.6762000000000004,-33.23611999999999,32.580549999999995,0.0,-2.3317700000000015,1.3710142512388375,0.13710142512388374
SH3_VNAR,E82L_E96V_model,VNAR,96,VAL,-2.43723,-1.25625,1.36292,0.0,-2.330559999999999,0.4181796580418549,0.041817965804185495
SH3_VNAR,E82L_E96V_model,antigen-tail,202,GLY,-2.1009200000000003,-4.099420000000001,4.090629999999999,0.0,-2.1097100000000006,0.6663421087549539,0.0666342108754954
SH3_VNAR,E82L_E96V_model,antigen,144,PHE,-1.921739999999999,-0.3276300000000002,0.28811,0.0,-1.9612600000000011,0.37515854301881363,0.03751585430188136
SH3_VNAR,E82L_E96V_model,antigen-tail,201,PRO,-2.08351,-0.6024100000000001,0.8040300000000002,0.0,-1.8818899999999996,0.5074740563812126,0.05074740563812126
SH3_VNAR,E82L_E96V_model,antigen,155,ILE,-3.18647,-2.7235799999999997,4.17927,0.0,-1.7307800000000002,0.7944470099383582,0.07944470099383581
SH3_VNAR,E82L_E96V_model,antigen,159,ASN,-2.3510299999999997,-1.903,2.6552199999999995,0.0,-1.5988099999999996,1.1042257893655618,0.11042257893655619
SH3_VNAR,E82L_E96V_model,VNAR,82,LEU,-1.43496,0.015699999999999933,-0.12037000000000003,0.0,-1.5396299999999992,0.2620782194307658,0.02620782194307658
SH3_VNAR,E82L_E96V_model,VNAR,94,TYR,-2.6902000000000004,-7.511669999999999,8.951849999999997,0.0,-1.25002,0.8848410928522707,0.08848410928522707
SH3_VNAR,E82L_E96V_model,VNAR,29,LEU,-1.5212000000000006,-2.8702699999999983,3.272909999999998,0.0,-1.1185599999999984,0.5901079447016461,0.05901079447016461
SH3_VNAR,E82L_E96V_model,VNAR,44,TRP,-6.124089999999998,1.6720599999999997,3.35044,0.0,-1.1015900000000005,0.8661814139659204,0.08661814139659205
SH3_VNAR,E82L_E96V_model,antigen,156,GLY,-0.85181,0.041920000000000644,-0.24291999999999994,0.0,-1.0528099999999978,0.31025001837228217,0.031025001837228217
SH3_VNAR,E82L_E96V_model,antigen-tail,200,ALA,-1.7021000000000002,-2.6296199999999987,5.453510000000002,0.0,1.1217900000000007,0.7568041000813892,0.07568041000813892
SH3_VNAR,E82L_E96V_model,antigen,120,ARG,-2.1930200000000006,32.54127,-27.830190000000005,0.0,2.5180600000000015,1.5211562366831373,0.15211562366831372
SH3_VNAR,E82L_E96V_model,VNAR,45,ASP,-1.36832,56.18233,-52.16878999999998,0.0,2.645220000000001,2.47913442790019,0.247913442790019
SH3_VNAR,E82L_E96V_model,antigen,170,ASP,-0.36558999999999986,-48.30249999999998,52.66538999999998,0.0,3.997299999999999,2.1175582613000308,0.21175582613000307
SH3_VNAR,E96V_model,VNAR,46,ARG,-1.5640000000000007,-106.57911999999996,96.70492999999996,0.0,-11.438189999999995,0.9883701097767014,0.09883701097767014
SH3_VNAR,E96V_model,antigen-tail,195,ARG,1.5148299999999995,-49.18280000000001,40.64325000000003,0.0,-7.0247199999999985,0.7934543979334953,0.07934543979334953
SH3_VNAR,E96V_model,VNAR,89,ASP,-1.8721499999999995,-39.62781,37.843289999999996,0.0,-3.6566699999999996,1.840227518841079,0.1840227518841079
SH3_VNAR,E96V_model,VNAR,92,TYR,-6.09288,-7.181400000000001,9.724679999999996,0.0,-3.5496000000000003,1.110385338519915,0.1110385338519915
SH3_VNAR,E96V_model,antigen,183,LYS,-0.89594,-56.21774999999999,54.21615,0.0,-2.89754,2.30749285338005,0.230749285338005
SH3_VNAR,E96V_model,antigen,170,ASP,1.44979,-41.14787000000003,37.04015,0.0,-2.657930000000001,1.1387875592488714,0.11387875592488714
SH3_VNAR,E96V_model,VNAR,88,ASP,-1.1075599999999997,-53.36152000000001,51.85867000000003,0.0,-2.61041,1.0050750628186946,0.10050750628186947
SH3_VNAR,E96V_model,antigen-tail,184,ILE,-4.186139999999998,-0.07431999999999989,1.96004,0.0,-2.300419999999999,0.7632849950051425,0.07632849950051425
SH3_VNAR,E96V_model,VNAR,33,TYR,-0.8869500000000002,-2.5020800000000007,1.5584200000000004,0.0,-1.830609999999999,0.7050614426417048,0.07050614426417048
SH3_VNAR,E96V_model,VNAR,28,ALA,-1.3740199999999996,-1.2173700000000012,0.7681500000000001,0.0,-1.823240000000001,0.7787445552939665,0.07787445552939665
SH3_VNAR,E96V_model,antigen,139,LEU,-1.7664099999999996,0.551979999999999,-0.48779999999999984,0.0,-1.7022300000000008,0.6185831852709873,0.061858318527098735
SH3_VNAR,E96V_model,antigen-tail,201,PRO,-1.61271,-4.612749999999998,4.55506,0.0,-1.6704000000000006,0.34908666545715944,0.03490866654571594
SH3_VNAR,E96V_model,VNAR,90,PRO,-4.243329999999999,-1.7910299999999995,4.53601,0.0,-1.49835,0.8814816319697197,0.08814816319697197
SH3_VNAR,E96V_model,antigen-tail,202,GLY,-0.4725599999999998,-5.566180000000003,4.739969999999999,0.0,-1.2987700000000009,0.3303139371870352,0.03303139371870352
SH3_VNAR,E96V_model,antigen-tail,193,PRO,-1.24514,-1.4222600000000003,1.47018,0.0,-1.1972199999999993,0.47605082879877264,0.04760508287987726
SH3_VNAR,E96V_model,antigen,137,GLY,0.06160000000000009,-1.7617899999999997,0.5756899999999999,0.0,-1.1244999999999998,0.9555004709574982,0.09555004709574982
SH3_VNAR,E96V_model,antigen,161,TYR,-1.9700600000000008,-4.879479999999997,7.922450000000002,0.0,1.0729100000000016,0.6312642409482747,0.06312642409482747
SH3_VNAR,E96V_model,VNAR,39,LYS,-0.3470400000000001,-19.938499999999994,21.37805999999999,0.0,1.0925199999999993,1.2457796633434015,0.12457796633434015
SH3_VNAR,E96V_model,antigen-tail,207,GLU,-0.22757000000000002,21.063549999999996,-19.742430000000002,0.0,1.0935499999999987,0.4367370690701697,0.04367370690701697
SH3_VNAR,E96V_model,VNAR,55,ASP,-0.03955999999999994,54.55230999999997,-53.11370999999998,0.0,1.3990400000000012,0.3105253587068162,0.03105253587068162
SH3_VNAR,E96V_model,VNAR,94,TYR,-2.3964699999999994,-3.7035,7.521690000000006,0.0,1.4217199999999997,1.0806841451599083,0.10806841451599083
SH3_VNAR,E96V_model,VNAR,26,SER,-1.3077800000000002,-1.578719999999999,4.4016399999999996,0.0,1.515140000000001,1.3704630678715848,0.13704630678715848
SH3_VNAR,E96V_model,VNAR,85,SER,-2.064329999999999,-1.4376900000000001,5.123409999999999,0.0,1.621389999999999,1.8574054963577555,0.18574054963577555
SH3_VNAR,E96V_model,VNAR,91,GLY,-1.860659999999999,0.7209199999999999,2.964520000000001,0.0,1.8247800000000003,0.8245006437838612,0.08245006437838612
SH3_VNAR,E96V_model,antigen-tail,190,LYS,-2.4200900000000005,-2.8387800000000003,7.2973,0.0,2.0384300000000004,1.778935188560843,0.17789351885608432
SH3_VNAR,E96V_model,antigen,168,ARG,-2.317910000000001,-1.6539000000000004,7.045749999999998,0.0,3.0739399999999995,2.436421169748779,0.24364211697487792
SH3_VNAR,E96V_model,antigen,136,LYS,-2.03338,-4.5865599999999995,10.550760000000004,0.0,3.9308200000000006,2.8058285599088206,0.28058285599088206
SH3_VNAR,E96V_model,antigen-tail,211,GLU,-0.6025699999999998,-5.550610000000002,10.25357,0.0,4.100390000000001,1.2167535485462957,0.12167535485462957
SH3_VNAR,E96V_model,VNAR,30,SER,-2.16414,12.870600000000001,-5.547689999999998,0.0,5.15877,1.4059097898158361,0.14059097898158363
SH3_VNAR,E96V_model,antigen,182,LYS,-1.56933,-18.585469999999994,29.73042,0.0,9.575620000000002,1.619792584129187,0.1619792584129187
SH3_VNAR,S85I_G91D_H95Y_model,VNAR,43,LYS,-3.8648400000000005,-104.00202999999998,94.23132999999994,0.0,-13.635539999999999,3.0864303958456705,0.30864303958456707
SH3_VNAR,S85I_G91D_H95Y_model,antigen,168,ARG,-5.2657799999999995,-79.31813,72.68321,0.0,-11.900699999999999,1.5601263955205478,0.15601263955205477
SH3_VNAR,S85I_G91D_H95Y_model,VNAR,52,ARG,-0.6516,-42.29368,39.32730999999999,0.0,-3.617970000000005,1.2112443391405354,0.12112443391405354
SH3_VNAR,S85I_G91D_H95Y_model,antigen-tail,186,PRO,-3.28303,-1.1230699999999998,1.03705,0.0,-3.3690499999999988,0.7589172731596018,0.07589172731596018
SH3_VNAR,S85I_G91D_H95Y_model,antigen-tail,198,PRO,-1.2437799999999999,-5.353910000000001,3.494660000000002,0.0,-3.1030300000000013,0.664944184950883,0.0664944184950883
SH3_VNAR,S85I_G91D_H95Y_model,antigen-tail,194,PRO,-2.97807,0.1759399999999996,0.16250999999999988,0.0,-2.6396199999999994,1.2058814765970993,0.12058814765970993
SH3_VNAR,S85I_G91D_H95Y_model,VNAR,96,GLU,0.30094,-6.574169999999998,3.6457500000000005,0.0,-2.627479999999998,0.8778405604664276,0.08778405604664276
SH3_VNAR,S85I_G91D_H95Y_model,antigen,167,GLU,-0.8720999999999995,-35.87717,34.29984,0.0,-2.449429999999999,4.043276763356671,0.4043276763356671
SH3_VNAR,S85I_G91D_H95Y_model,antigen-tail,200,ALA,-2.6516099999999994,-1.94972,2.1914999999999996,0.0,-2.409829999999998,0.8079637251139475,0.08079637251139475
SH3_VNAR,S85I_G91D_H95Y_model,VNAR,84,TYR,-4.93424,0.6875699999999996,1.9228100000000004,0.0,-2.3238600000000007,1.1883200496499235,0.11883200496499235
SH3_VNAR,S85I_G91D_H95Y_model,antigen-tail,199,VAL,-3.2202500000000005,-2.0968499999999994,3.071429999999999,0.0,-2.24567,0.7599168645977,0.07599168645977
SH3_VNAR,S85I_G91D_H95Y_model,VNAR,94,TYR,-2.430120000000001,-1.2614200000000002,1.56434,0.0,-2.1272000000000006,0.6150893105883042,0.061508931058830416
SH3_VNAR,S85I_G91D_H95Y_model,antigen-tail,187,PRO,-2.1027299999999998,-0.55485,0.6556400000000001,0.0,-2.0019400000000007,0.8896958224022412,0.08896958224022412
SH3_VNAR,S85I_G91D_H95Y_model,VNAR,38,LYS,-1.0051299999999999,-80.97396000000002,80.07947,0.0,-1.8996199999999974,2.0187589988901573,0.20187589988901572
SH3_VNAR,S85I_G91D_H95Y_model,antigen-tail,204,SER,-2.739539999999999,-1.3547799999999999,2.19807,0.0,-1.896249999999999,0.9507073616523657,0.09507073616523656
SH3_VNAR,S85I_G91D_H95Y_model,antigen-tail,203,SER,-1.0010700000000006,-4.90001,4.087,0.0,-1.8140799999999992,1.1048238473168477,0.11048238473168477
SH3_VNAR,S85I_G91D_H95Y_model,VNAR,46,ARG,-7.900769999999998,-78.524,84.61147,0.0,-1.8133000000000001,2.393063519842295,0.2393063519842295
SH3_VNAR,S85I_G91D_H95Y_model,antigen-tail,184,ILE,-3.350859999999999,0.12354999999999947,1.5773600000000005,0.0,-1.6499500000000002,1.1072635402197615,0.11072635402197614
SH3_VNAR,S85I_G91D_H95Y_model,VNAR,42,THR,-0.4215199999999999,-7.073590000000001,6.182800000000001,0.0,-1.3123099999999996,2.000480860668255,0.2000480860668255
SH3_VNAR,S85I_G91D_H95Y_model,antigen-tail,196,PRO,-1.2957599999999996,-0.8876799999999995,0.9456200000000002,0.0,-1.2378199999999995,0.4989069728917404,0.049890697289174044
SH3_VNAR,S85I_G91D_H95Y_model,VNAR,35,TYR,-2.3213500000000002,-3.8955200000000003,5.100709999999999,0.0,-1.1161600000000014,1.242047533067878,0.12420475330678779
SH3_VNAR,S85I_G91D_H95Y_model,VNAR,47,ILE,-1.47851,-0.3512400000000004,0.7426000000000001,0.0,-1.0871500000000018,0.43009769529724223,0.043009769529724226
SH3_VNAR,S85I_G91D_H95Y_model,VNAR,36,PHE,-1.7902600000000002,0.8447399999999997,-0.09121999999999997,0.0,-1.0367400000000009,0.6660216906377717,0.06660216906377717
SH3_VNAR,S85I_G91D_H95Y_model,antigen,183,LYS,-2.897250000000001,-73.64043000000002,75.52634999999997,0.0,-1.0113299999999985,1.7180943516291538,0.17180943516291539
SH3_VNAR,S85I_G91D_H95Y_model,antigen,118,LYS,-0.30511000000000005,14.060190000000002,-12.62375,0.0,1.1313300000000017,1.8083223885966795,0.18083223885966795
SH3_VNAR,S85I_G91D_H95Y_model,antigen,106,GLU,-0.5412899999999997,-26.639339999999994,28.427090000000003,0.0,1.2464599999999961,3.531875978626659,0.3531875978626659
SH3_VNAR,S85I_G91D_H95Y_model,antigen,122,GLU,-1.65303,-17.083039999999986,20.224310000000006,0.0,1.4882399999999996,2.3977940575453927,0.23977940575453927
SH3_VNAR,S85I_G91D_H95Y_model,VNAR,82,GLU,-0.8388200000000002,6.281399999999999,-2.595640000000001,0.0,2.8469399999999996,2.5100577396546098,0.251005773965461
SH3_VNAR,S85I_G91D_H95Y_model,VNAR,75,ASP,-0.6284299999999999,33.475010000000005,-26.31318,0.0,6.533400000000005,2.0278196517441955,0.20278196517441954
SH3_VNAR,S85I_G91D_H95Y_model,VNAR,45,ASP,-3.3021099999999985,65.20526000000002,-54.900610000000015,0.0,7.002539999999998,5.437612024446027,0.5437612024446027
SH3_VNAR,S85I_G91D_model,antigen-tail,188,THR,0.03843000000000002,-8.523789999999998,2.4286799999999995,0.0,-6.05668,0.771031087311005,0.0771031087311005
SH3_VNAR,S85I_G91D_model,VNAR,45,ASP,1.4123799999999995,0.5903999999999985,-6.982699999999999,0.0,-4.979920000000004,1.748008997002009,0.1748008997002009
SH3_VNAR,S85I_G91D_model,antigen,183,LYS,0.017919999999999946,-91.67557999999997,87.89529,0.0,-3.7623699999999998,1.2391867466608886,0.12391867466608886
SH3_VNAR,S85I_G91D_model,VNAR,49,ILE,-3.7887800000000014,-5.295519999999998,5.6617500000000005,0.0,-3.4225499999999984,1.3955719069614483,0.13955719069614483
SH3_VNAR,S85I_G91D_model,antigen-tail,189,PRO,-2.3178799999999993,-5.195640000000002,4.27759,0.0,-3.2359299999999998,0.7203261380097249,0.07203261380097249
SH3_VNAR,S85I_G91D_model,antigen-tail,195,ARG,0.18922999999999998,4.525109999999999,-7.910440000000001,0.0,-3.1961,1.2943507523078954,0.12943507523078954
SH3_VNAR,S85I_G91D_model,antigen,163,GLU,-0.1920000000000001,1.035749999999999,-3.2605199999999996,0.0,-2.416769999999999,0.600469197461451,0.0600469197461451
SH3_VNAR,S85I_G91D_model,VNAR,67,ARG,-2.2893000000000003,-59.84512000000002,59.92466000000001,0.0,-2.209759999999998,1.1649802927088524,0.11649802927088523
SH3_VNAR,S85I_G91D_model,antigen-tail,185,SER,-0.25142,-0.9557900000000007,-0.8313099999999999,0.0,-2.03852,0.9626229114248217,0.09626229114248216
SH3_VNAR,S85I_G91D_model,antigen-tail,210,VAL,-2.2405600000000003,1.18736,-0.9625299999999999,0.0,-2.0157300000000005,0.40221921522969867,0.04022192152296987
SH3_VNAR,S85I_G91D_model,VNAR,48,SER,-1.9195399999999998,-0.10969000000000008,0.1436000000000001,0.0,-1.8856300000000001,0.5158042972872585,0.051580429728725855
SH3_VNAR,S85I_G91D_model,antigen-tail,198,PRO,-1.998719999999999,0.0804800000000001,0.1544000000000001,0.0,-1.76384,0.4881145300029498,0.04881145300029498
SH3_VNAR,S85I_G91D_model,VNAR,35,TYR,-0.5881900000000002,-1.9445699999999995,0.7725599999999999,0.0,-1.7601999999999989,0.6027575632043141,0.0602757563204314
SH3_VNAR,S85I_G91D_model,VNAR,51,GLY,-1.9123200000000002,-0.89784,1.2756499999999997,0.0,-1.5345099999999992,0.34517113132474186,0.034517113132474186
SH3_VNAR,S85I_G91D_model,antigen-tail,184,ILE,-1.7197000000000011,0.6417800000000004,-0.14665,0.0,-1.2245699999999997,0.3001691608077025,0.03001691608077025
SH3_VNAR,S85I_G91D_model,antigen-tail,204,SER,-0.38609999999999994,-4.344540000000001,3.6953700000000005,0.0,-1.0352700000000004,0.944125307943815,0.0944125307943815
SH3_VNAR,S85I_G91D_model,antigen-tail,196,PRO,-2.1572400000000003,-1.94939,3.1028100000000007,0.0,-1.00382,0.7252713062020318,0.07252713062020319
SH3_VNAR,S85I_G91D_model,VNAR,63,SER,-0.21321999999999997,0.13067999999999982,1.1679000000000004,0.0,1.08536,1.0492632798301877,0.10492632798301878
SH3_VNAR,S85I_G91D_model,VNAR,33,TYR,-3.7791699999999993,-2.3938599999999997,7.34182,0.0,1.1687900000000004,1.2699418041390707,0.12699418041390706
SH3_VNAR,S85I_G91D_model,VNAR,38,LYS,-0.5213200000000001,-25.45325000000001,27.27211000000001,0.0,1.2975399999999992,1.441390539860726,0.1441390539860726
SH3_VNAR,S85I_G91D_model,antigen-tail,206,THR,-1.6662599999999999,1.6658499999999998,1.6136500000000005,0.0,1.6132400000000005,0.9521269780864317,0.09521269780864317
SH3_VNAR,S85I_G91D_model,VNAR,52,ARG,-1.7577699999999996,-11.560639999999996,15.086009999999996,0.0,1.7675999999999965,0.9004203018590812,0.09004203018590812
SH3_VNAR,S85I_G91D_model,VNAR,82,GLU,-0.4652700000000001,7.075150000000001,-4.253849999999999,0.0,2.3560300000000005,1.4252055462634143,0.14252055462634144
SH3_VNAR,S85I_G91D_model,VNAR,43,LYS,-2.3581300000000005,-69.51641000000002,75.77188,0.0,3.89734,3.864230607041975,0.3864230607041975
SH3_VNAR,S85I_G91D_model,antigen,168,ARG,-3.95462,-22.55394999999999,32.18984,0.0,5.681269999999997,1.9360233152263477,0.19360233152263479
SH3_VNAR,S85I_G91D_model,VNAR,46,ARG,-4.868370000000001,-28.31313999999998,40.929770000000005,0.0,7.748260000000001,1.9151247563540186,0.19151247563540186
SH3_VNAR,S85I_model,antigen,168,ARG,-2.7558200000000004,-64.52332000000001,57.910499999999985,0.0,-9.368639999999997,1.5850012903464998,0.15850012903465
SH3_VNAR,S85I_model,VNAR,39,LYS,-1.6240899999999991,-99.94382000000002,96.38121000000002,0.0,-5.186699999999997,3.697361560626716,0.36973615606267163
SH3_VNAR,S85I_model,VNAR,44,TRP,-6.0434,-2.4094100000000003,3.6520600000000005,0.0,-4.800750000000001,1.0845886167114156,0.10845886167114156
SH3_VNAR,S85I_model,antigen-tail,186,PRO,-3.7361500000000007,-0.79863,1.1071499999999999,0.0,-3.42763,0.5983839345269866,0.05983839345269866
SH3_VNAR,S85I_model,antigen-tail,187,PRO,-1.4801799999999998,-5.336719999999998,3.41969,0.0,-3.397209999999999,0.7549005933896156,0.07549005933896155
SH3_VNAR,S85I_model,antigen-tail,193,PRO,-3.35761,-0.4109499999999995,0.39158000000000015,0.0,-3.3769799999999988,0.6450697013501692,0.06450697013501691
SH3_VNAR,S85I_model,antigen-tail,189,PRO,-3.3295199999999987,-0.15774999999999978,0.6273300000000002,0.0,-2.8599399999999986,0.558294202370042,0.0558294202370042
SH3_VNAR,S85I_model,antigen-tail,184,ILE,-3.106179999999999,-3.416199999999999,3.68091,0.0,-2.8414699999999975,0.9046139226764086,0.09046139226764086
SH3_VNAR,S85I_model,VNAR,84,TYR,-5.450119999999999,-0.578529999999999,3.3421999999999987,0.0,-2.6864500000000002,1.1317308900529308,0.11317308900529308
SH3_VNAR,S85I_model,antigen,135,ASN,-2.6203300000000014,-4.161519999999999,4.19897,0.0,-2.5828800000000007,1.2828089357343893,0.12828089357343891
SH3_VNAR,S85I_model,VNAR,95,HIE,-3.3257600000000007,-9.381519999999998,10.572099999999999,0.0,-2.13518,0.949868247495409,0.0949868247495409
SH3_VNAR,S85I_model,VNAR,82,GLU,-0.21514000000000003,-8.199430000000003,6.301669999999999,0.0,-2.1129000000000016,3.2934259776105477,0.3293425977610548
SH3_VNAR,S85I_model,antigen-tail,190,LYS,-3.027179999999999,-34.83035,35.920970000000004,0.0,-1.93656,2.2634302168169436,0.22634302168169435
SH3_VNAR,S85I_model,antigen,138,SER,-1.7018699999999995,-3.6113800000000005,3.4331700000000005,0.0,-1.8800800000000002,0.4475958596770082,0.04475958596770082
SH3_VNAR,S85I_model,VNAR,38,LYS,-0.69639,-56.05719,54.87542999999998,0.0,-1.878149999999997,1.673464815136547,0.1673464815136547
SH3_VNAR,S85I_model,antigen,137,GLY,-2.0496800000000004,-3.687440000000001,3.898379999999999,0.0,-1.8387400000000014,0.5863126234356524,0.058631262343565235
SH3_VNAR,S85I_model,VNAR,90,PRO,-2.775029999999999,1.2708699999999997,-0.23214999999999988,0.0,-1.7363100000000011,0.43195531470280396,0.04319553147028039
SH3_VNAR,S85I_model,VNAR,33,TYR,-3.2165300000000014,-5.802910000000001,7.872600000000002,0.0,-1.1468400000000023,0.5537302903038622,0.055373029030386225
SH3_VNAR,S85I_model,antigen,136,LYS,-0.7932100000000001,-34.957239999999985,34.71146,0.0,-1.0389899999999983,0.6716713853514973,0.06716713853514973
SH3_VNAR,S85I_model,antigen-tail,194,PRO,-1.4828400000000002,-1.6886100000000004,2.134100000000001,0.0,-1.0373500000000009,0.578285057303056,0.0578285057303056
SH3_VNAR,S85I_model,VNAR,35,TYR,-2.256890000000001,-1.12364,2.34368,0.0,-1.0368499999999985,1.3267285281850243,0.13267285281850244
SH3_VNAR,S85I_model,VNAR,88,ASP,-2.3794899999999997,-13.656300000000005,17.257400000000008,0.0,1.2216100000000003,1.665626338018225,0.1665626338018225
SH3_VNAR,S85I_model,antigen,122,GLU,-0.3305499999999999,36.10285999999999,-34.44159,0.0,1.3307199999999995,1.2092944478496548,0.12092944478496548
SH3_VNAR,S85I_model,VNAR,30,SER,-1.7045100000000004,-1.6342999999999992,5.021239999999999,0.0,1.6824300000000008,1.0527754010709014,0.10527754010709015
SH3_VNAR,S85I_model,antigen,106,GLU,-0.4998,-20.29493,22.54496000000001,0.0,1.7502300000000017,2.9464915063682056,0.29464915063682057
SH3_VNAR,S85I_model,VNAR,89,ASP,-2.796999999999999,18.715259999999994,-13.894709999999998,0.0,2.0235500000000006,1.6443156775692405,0.16443156775692405
SH3_VNAR,S85M_D89S_Y92D_H95Y_model,VNAR,43,LYS,-3.920889999999998,-113.25430999999998,105.37746000000001,0.0,-11.79774,1.6162090002224472,0.16162090002224472
SH3_VNAR,S85M_D89S_Y92D_H95Y_model,antigen,168,ARG,-2.2688899999999994,-56.57755999999999,48.90445,0.0,-9.941999999999997,1.807533634541843,0.1807533634541843
SH3_VNAR,S85M_D89S_Y92D_H95Y_model,antigen,120,ARG,0.08453999999999993,-15.596509999999999,8.481759999999998,0.0,-7.030209999999996,1.1721929900404657,0.11721929900404657
SH3_VNAR,S85M_D89S_Y92D_H95Y_model,VNAR,46,ARG,-0.19456000000000018,-73.08639,68.76814,0.0,-4.512810000000003,2.7439123845159425,0.27439123845159424
SH3_VNAR,S85M_D89S_Y92D_H95Y_model,antigen,142,LEU,-3.7214799999999992,-1.41151,1.6760299999999992,0.0,-3.4569599999999987,0.41661432812614885,0.04166143281261488
SH3_VNAR,S85M_D89S_Y92D_H95Y_model,antigen,159,ASN,-2.02984,3.2151500000000004,-4.604520000000002,0.0,-3.4192099999999988,0.7296938302466367,0.07296938302466367
SH3_VNAR,S85M_D89S_Y92D_H95Y_model,VNAR,27,TYR,-4.803470000000001,-1.445679999999998,3.66787,0.0,-2.581279999999998,1.0700545414136589,0.10700545414136589
SH3_VNAR,S85M_D89S_Y92D_H95Y_model,antigen,123,ASP,0.18703999999999998,-15.711049999999993,13.142710000000001,0.0,-2.3812999999999978,1.4902691065710283,0.14902691065710283
SH3_VNAR,S85M_D89S_Y92D_H95Y_model,antigen,141,ALA,-3.0726699999999996,-3.36158,4.136539999999999,0.0,-2.297710000000001,0.7121097147911972,0.07121097147911973
SH3_VNAR,S85M_D89S_Y92D_H95Y_model,antigen,157,TRP,-3.9098800000000016,-1.4064099999999997,3.155849999999999,0.0,-2.16044,0.7499423887206299,0.074994238872063
SH3_VNAR,S85M_D89S_Y92D_H95Y_model,antigen,135,ASN,-1.4028599999999996,-10.86774,10.18229,0.0,-2.0883100000000003,2.0108105116842787,0.20108105116842787
SH3_VNAR,S85M_D89S_Y92D_H95Y_model,antigen-tail,191,PRO,-4.115130000000001,-2.306870000000002,4.357220000000001,0.0,-2.0647800000000025,1.2885127751015866,0.12885127751015865
SH3_VNAR,S85M_D89S_Y92D_H95Y_model,antigen-tail,193,PRO,-2.06814,1.1419700000000004,-1.1328899999999995,0.0,-2.0590600000000006,0.3403352705788776,0.03403352705788776
SH3_VNAR,S85M_D89S_Y92D_H95Y_model,antigen-tail,190,LYS,-1.7673499999999993,-30.617600000000003,30.78873,0.0,-1.5962200000000013,2.65048817609134,0.265048817609134
SH3_VNAR,S85M_D89S_Y92D_H95Y_model,antigen,161,TYR,-1.6872300000000002,-5.149880000000001,5.3922500000000015,0.0,-1.4448600000000005,1.3738486453754646,0.13738486453754645
SH3_VNAR,S85M_D89S_Y92D_H95Y_model,antigen,182,LYS,-0.1782600000000001,-42.56701,41.337289999999996,0.0,-1.407979999999998,1.421465954428736,0.1421465954428736
SH3_VNAR,S85M_D89S_Y92D_H95Y_model,antigen-tail,192,ARG,-1.9675300000000007,-11.93695,12.535130000000002,0.0,-1.3693500000000014,2.2793265820193445,0.22793265820193445
SH3_VNAR,S85M_D89S_Y92D_H95Y_model,VNAR,91,GLY,-1.5592199999999994,0.15961000000000006,0.1109699999999999,0.0,-1.2886400000000002,0.8181020904508194,0.08181020904508193
SH3_VNAR,S85M_D89S_Y92D_H95Y_model,antigen-tail,189,PRO,-1.9738100000000003,0.6220599999999996,0.16441999999999968,0.0,-1.1873300000000018,1.4583052907741925,0.14583052907741925
SH3_VNAR,S85M_D89S_Y92D_H95Y_model,VNAR,90,PRO,-1.8494600000000003,-1.1009299999999993,1.78701,0.0,-1.1633800000000005,0.8677495235377545,0.08677495235377544
SH3_VNAR,S85M_D89S_Y92D_H95Y_model,VNAR,62,LYS,-0.14505999999999997,-30.01937999999999,29.010379999999984,0.0,-1.1540599999999999,1.720538019457867,0.1720538019457867
SH3_VNAR,S85M_D89S_Y92D_H95Y_model,VNAR,96,GLU,-1.8868400000000005,-10.324810000000003,11.070620000000003,0.0,-1.1410300000000007,1.2053531968265554,0.12053531968265555
SH3_VNAR,S85M_D89S_Y92D_H95Y_model,antigen-tail,188,THR,-2.1161200000000004,-1.5502200000000004,2.590050000000001,0.0,-1.07629,0.8168305613161163,0.08168305613161163
SH3_VNAR,S85M_D89S_Y92D_H95Y_model,VNAR,42,THR,-3.2491299999999996,-3.1056,7.537269999999998,0.0,1.1825399999999997,1.4795194450901943,0.14795194450901944
SH3_VNAR,S85M_D89S_Y92D_H95Y_model,VNAR,92,ASP,-1.6146299999999991,-19.745219999999993,22.753719999999998,0.0,1.3938699999999988,2.1608712023394636,0.21608712023394636
SH3_VNAR,S85M_D89S_Y92D_H95Y_model,VNAR,44,TRP,-6.304040000000001,6.279540000000001,2.069040000000001,0.0,2.0445400000000005,1.2309533169052327,0.12309533169052327
SH3_VNAR,S85M_D89S_Y92D_H95Y_model,VNAR,45,ASP,-0.15570000000000003,61.06184000000003,-58.0624,0.0,2.8437399999999995,1.5359608824446025,0.15359608824446025
SH3_VNAR,S85M_D89S_Y92D_H95Y_model,antigen,170,ASP,-1.4880600000000002,2.24428,13.219929999999994,0.0,13.976150000000002,3.079404784613407,0.3079404784613407
SH3_VNAR,S85M_D89S_Y94T_model,VNAR,46,ARG,-1.8087299999999993,-92.00871000000001,84.18391999999999,0.0,-9.63352,1.4196293211962046,0.14196293211962047
SH3_VNAR,S85M_D89S_Y94T_model,antigen,120,ARG,-0.5404399999999999,-18.26414,9.699649999999997,0.0,-9.104929999999994,1.3368643405746348,0.13368643405746347
SH3_VNAR,S85M_D89S_Y94T_model,VNAR,87,CYS,-3.94114,-4.032819999999998,4.224919999999998,0.0,-3.749039999999998,0.6252022220049971,0.06252022220049971
SH3_VNAR,S85M_D89S_Y94T_model,antigen,170,ASP,-0.46343999999999996,-35.60050999999998,32.43465999999999,0.0,-3.6292899999999992,1.9589494138185453,0.19589494138185454
SH3_VNAR,S85M_D89S_Y94T_model,antigen,142,LEU,-3.7794800000000004,-3.5083799999999985,4.130250000000003,0.0,-3.1576099999999974,0.7672045867302999,0.07672045867302998
SH3_VNAR,S85M_D89S_Y94T_model,VNAR,43,LYS,-2.1052799999999996,-66.34367999999999,65.29870000000003,0.0,-3.1502599999999985,1.2249077730180338,0.12249077730180338
SH3_VNAR,S85M_D89S_Y94T_model,antigen-tail,192,ARG,-3.84056,-15.047460000000001,15.740459999999995,0.0,-3.1475600000000012,0.9107235290690572,0.09107235290690571
SH3_VNAR,S85M_D89S_Y94T_model,VNAR,92,TYR,-6.387950000000001,-5.7243400000000015,9.434249999999997,0.0,-2.6780399999999998,0.8590216285984895,0.08590216285984895
SH3_VNAR,S85M_D89S_Y94T_model,antigen,168,ARG,-2.59583,-7.006090000000001,6.965749999999996,0.0,-2.6361700000000003,1.1951389296228316,0.11951389296228317
SH3_VNAR,S85M_D89S_Y94T_model,antigen-tail,187,PRO,-4.034120000000001,-0.5030799999999994,1.9155799999999996,0.0,-2.6216199999999974,0.6490179470554036,0.06490179470554036
SH3_VNAR,S85M_D89S_Y94T_model,antigen-tail,190,LYS,-1.6285899999999998,-28.951319999999992,28.758290000000006,0.0,-1.82162,1.2999898905760747,0.12999898905760748
SH3_VNAR,S85M_D89S_Y94T_model,antigen-tail,189,PRO,-1.7845900000000006,-1.2199000000000002,1.4562199999999998,0.0,-1.54827,0.7454550671234312,0.07454550671234313
SH3_VNAR,S85M_D89S_Y94T_model,antigen,124,ILE,-1.3394599999999999,-0.2299100000000002,0.29286000000000006,0.0,-1.27651,0.3559244440889093,0.03559244440889093
SH3_VNAR,S85M_D89S_Y94T_model,VNAR,44,TRP,-2.370740000000001,0.5637400000000001,0.5557200000000002,0.0,-1.2512800000000015,0.8687284279911651,0.08687284279911651
SH3_VNAR,S85M_D89S_Y94T_model,antigen-tail,193,PRO,-1.12557,-0.9089599999999998,0.8185499999999999,0.0,-1.2159800000000005,0.3742622871730462,0.037426228717304624
SH3_VNAR,S85M_D89S_Y94T_model,antigen,161,TYR,-3.168579999999999,-0.5996999999999997,2.5814199999999996,0.0,-1.1868599999999991,0.643005443522835,0.0643005443522835
SH3_VNAR,S85M_D89S_Y94T_model,VNAR,93,CYS,-2.036149999999999,-0.031900000000000546,0.9228700000000001,0.0,-1.1451800000000016,0.5354852449881327,0.05354852449881327
SH3_VNAR,S85M_D89S_Y94T_model,antigen-tail,191,PRO,-2.2920100000000003,1.2895699999999994,-0.12739999999999996,0.0,-1.1298400000000002,0.7770512302287413,0.07770512302287413
SH3_VNAR,S85M_D89S_Y94T_model,VNAR,33,TYR,-3.750020000000001,-2.208840000000001,6.984130000000002,0.0,1.025269999999999,1.4996125756674605,0.14996125756674605
SH3_VNAR,S85M_D89S_Y94T_model,VNAR,55,ASP,-0.14713999999999994,55.16512000000002,-50.59165999999999,0.0,4.426319999999999,2.8763885894642267,0.28763885894642266
SH3_VNAR,S85M_D89S_Y94T_model,antigen,122,GLU,-1.6214999999999997,-0.5552000000000001,7.723919999999996,0.0,5.547220000000001,3.1277970285170342,0.3127797028517034
SH3_VNAR,S85M_E96S_model,VNAR,46,ARG,-1.2093200000000004,-99.88318,91.92542999999999,0.0,-9.167069999999997,1.0518031684207834,0.10518031684207833
SH3_VNAR,S85M_E96S_model,antigen,170,ASP,1.20429,-34.52414999999999,29.74124999999999,0.0,-3.578609999999999,1.4636670379222179,0.14636670379222178
SH3_VNAR,S85M_E96S_model,antigen,182,LYS,-0.7861600000000003,-61.53605000000003,58.95822000000001,0.0,-3.3639899999999994,1.9941799291688782,0.19941799291688783
SH3_VNAR,S85M_E96S_model,VNAR,43,LYS,-2.44027,-57.34574000000001,56.98066000000001,0.0,-2.805349999999999,1.1012446901120576,0.11012446901120576
SH3_VNAR,S85M_E96S_model,antigen-tail,190,LYS,-2.43792,-34.588519999999974,34.30965999999999,0.0,-2.716779999999996,1.5579934247614795,0.15579934247614796
SH3_VNAR,S85M_E96S_model,VNAR,88,ASP,-3.2902299999999998,-35.78909000000001,36.477009999999986,0.0,-2.6023100000000006,2.07377939856196,0.207377939856196
SH3_VNAR,S85M_E96S_model,antigen-tail,192,ARG,-2.5881600000000002,-18.47565,18.557869999999994,0.0,-2.505940000000001,0.7225337891060899,0.07225337891060898
SH3_VNAR,S85M_E96S_model,VNAR,90,PRO,-3.28232,1.357940000000001,-0.10493000000000002,0.0,-2.0293099999999997,0.6861444992856833,0.06861444992856833
SH3_VNAR,S85M_E96S_model,antigen-tail,189,PRO,-2.7442699999999998,-3.252470000000001,4.00329,0.0,-1.99345,0.8643988011907453,0.08643988011907452
SH3_VNAR,S85M_E96S_model,antigen,142,LEU,-2.8782399999999995,-3.754969999999999,4.65993,0.0,-1.9732799999999993,0.7760172688800157,0.07760172688800157
SH3_VNAR,S85M_E96S_model,VNAR,84,TYR,-3.4544999999999995,-1.257770000000001,2.8504500000000004,0.0,-1.861820000000001,0.8521256642068703,0.08521256642068703
SH3_VNAR,S85M_E96S_model,VNAR,87,CYS,-2.6223199999999998,-1.2152400000000005,2.0326299999999997,0.0,-1.8049299999999997,0.6355715106107267,0.06355715106107267
SH3_VNAR,S85M_E96S_model,antigen-tail,191,PRO,-2.713980000000002,1.5840599999999998,-0.65295,0.0,-1.7828700000000006,0.5573560380044313,0.05573560380044314
SH3_VNAR,S85M_E96S_model,antigen,141,ALA,-2.237049999999999,-5.601929999999999,6.148909999999998,0.0,-1.6900700000000006,0.5407830295968973,0.054078302959689725
SH3_VNAR,S85M_E96S_model,VNAR,94,TYR,-1.6253899999999992,-1.2195600000000006,1.3108600000000001,0.0,-1.5340899999999997,0.5737591148731322,0.057375911487313226
SH3_VNAR,S85M_E96S_model,VNAR,33,TYR,-3.211390000000001,-9.023069999999997,10.91934,0.0,-1.3151199999999972,1.1436304497520164,0.11436304497520164
SH3_VNAR,S85M_E96S_model,VNAR,89,ASP,-1.7739799999999994,-15.740960000000003,16.293160000000004,0.0,-1.2217799999999974,1.7621705114999522,0.17621705114999522
SH3_VNAR,S85M_E96S_model,VNAR,44,TRP,-2.6192399999999996,0.3508099999999996,1.0504000000000002,0.0,-1.218030000000001,0.7480122386030862,0.07480122386030862
SH3_VNAR,S85M_E96S_model,VNAR,57,LYS,-0.07980999999999999,-54.12768999999999,52.992140000000006,0.0,-1.2153599999999987,0.2097190749550479,0.02097190749550479
SH3_VNAR,S85M_E96S_model,antigen,168,ARG,-5.0607399999999965,-20.859640000000002,24.893469999999997,0.0,-1.02691,1.7370425849414313,0.17370425849414312
SH3_VNAR,S85M_E96S_model,VNAR,55,ASP,-0.06059000000000001,54.44325999999997,-53.218530000000015,0.0,1.1641399999999995,0.1855463834193497,0.01855463834193497
SH3_VNAR,S85M_E96S_model,antigen,122,GLU,-2.07568,-12.155300000000004,15.640820000000001,0.0,1.4098400000000006,1.2131041729381682,0.12131041729381682
SH3_VNAR,S85M_E96S_model,antigen,163,GLU,-0.6075699999999996,41.82297,-39.50970000000002,0.0,1.7057,1.4072075077969126,0.14072075077969126
SH3_VNAR,S85M_E96S_model,VNAR,30,SER,-1.7559499999999995,2.6200500000000004,1.0574199999999996,0.0,1.9215199999999992,0.9975352172229309,0.0997535217222931
SH3_VNAR,S85M_E96S_model,antigen,106,GLU,-0.60758,-4.0356,6.602059999999995,0.0,1.95888,1.5868756427647388,0.15868756427647387
SH3_VNAR,S85M_E96S_model,VNAR,82,GLU,-0.7621100000000002,25.803979999999996,-20.713969999999996,0.0,4.327900000000001,2.1789870375933864,0.21789870375933865
SH3_VNAR,S85M_E96V_model,VNAR,46,ARG,-0.8036500000000001,-93.74201999999995,87.04954999999994,0.0,-7.496119999999999,1.1508997808671413,0.11508997808671413
SH3_VNAR,S85M_E96V_model,antigen-tail,190,LYS,-2.7398999999999996,-55.21063999999997,53.52395000000001,0.0,-4.426590000000002,2.7583731150625637,0.27583731150625634
SH3_VNAR,S85M_E96V_model,antigen-tail,192,ARG,-3.9337799999999987,-16.153109999999998,16.953449999999997,0.0,-3.1334400000000033,1.3197392797064136,0.13197392797064136
SH3_VNAR,S85M_E96V_model,VNAR,92,TYR,-5.707730000000002,-4.115919999999999,6.78758,0.0,-3.0360700000000014,1.1101150774131494,0.11101150774131494
SH3_VNAR,S85M_E96V_model,VNAR,43,LYS,-2.17629,-60.09075,59.23821999999999,0.0,-3.0288200000000005,0.9172679802544065,0.09172679802544065
SH3_VNAR,S85M_E96V_model,antigen,170,ASP,0.6964299999999999,-34.97127,31.38676000000001,0.0,-2.888080000000002,1.2720991602858607,0.12720991602858606
SH3_VNAR,S85M_E96V_model,antigen,142,LEU,-3.2172500000000004,-4.025190000000002,4.54002,0.0,-2.702420000000002,0.7864723285659836,0.07864723285659836
SH3_VNAR,S85M_E96V_model,VNAR,87,CYS,-2.4305199999999996,-0.6550100000000004,0.79366,0.0,-2.2918700000000003,0.9999473151621536,0.09999473151621537
SH3_VNAR,S85M_E96V_model,VNAR,90,PRO,-2.5756099999999997,-1.8003200000000001,2.3853099999999996,0.0,-1.9906200000000005,0.5904400355666967,0.059044003556669666
SH3_VNAR,S85M_E96V_model,antigen-tail,189,PRO,-2.0867599999999986,-3.1082799999999993,3.3160599999999993,0.0,-1.8789800000000003,1.0534265705781303,0.10534265705781302
SH3_VNAR,S85M_E96V_model,VNAR,57,LYS,-3.6770999999999994,-87.21301999999997,89.09446999999994,0.0,-1.7956499999999997,2.9705970388963894,0.2970597038896389
SH3_VNAR,S85M_E96V_model,VNAR,67,ARG,-0.14707,-68.99148,67.52781000000003,0.0,-1.610740000000001,1.0655991049170415,0.10655991049170414
SH3_VNAR,S85M_E96V_model,VNAR,56,THR,-0.5482,-12.843349999999997,11.923049999999998,0.0,-1.4684999999999995,0.9385172401186886,0.09385172401186886
SH3_VNAR,S85M_E96V_model,antigen-tail,191,PRO,-2.4465599999999994,3.7928900000000003,-2.8043800000000005,0.0,-1.4580499999999994,0.77382592842318,0.077382592842318
SH3_VNAR,S85M_E96V_model,antigen,183,LYS,-0.34159,-22.983449999999998,21.897709999999993,0.0,-1.4273300000000018,1.2529202852137082,0.12529202852137084
SH3_VNAR,S85M_E96V_model,VNAR,44,TRP,-2.2862299999999998,-0.7903599999999998,1.7427899999999994,0.0,-1.3337999999999994,0.7250127309227062,0.07250127309227063
SH3_VNAR,S85M_E96V_model,antigen,141,ALA,-1.9048900000000004,-5.077839999999999,5.755239999999998,0.0,-1.2274900000000004,0.5642282427351554,0.05642282427351554
SH3_VNAR,S85M_E96V_model,VNAR,82,GLU,-0.64015,24.505399999999995,-22.323850000000004,0.0,1.5413999999999999,1.7947588863131423,0.17947588863131422
SH3_VNAR,S85M_E96V_model,antigen,122,GLU,-0.8734899999999998,-13.518190000000004,16.14014,0.0,1.7484600000000006,1.5037175826597229,0.1503717582659723
SH3_VNAR,S85M_E96V_model,antigen,163,GLU,-0.6396999999999998,30.649270000000005,-27.114559999999994,0.0,2.8950099999999965,2.4728342220820263,0.24728342220820262
SH3_VNAR,S85M_E96V_model,antigen-tail,210,VAL,-0.8132900000000005,2.848360000000001,1.1036999999999997,0.0,3.1387699999999996,1.380629855211022,0.13806298552110222
SH3_VNAR,S85M_E96V_model,antigen-tail,211,GLU,-1.22787,-6.09425,20.278139999999997,0.0,12.95602,4.741635369743249,0.4741635369743249
SH3_VNAR,S85M_E96V_model,antigen-tail,209,ASP,-3.3184100000000005,-10.04899,26.760360000000002,0.0,13.392959999999995,4.220442215976915,0.4220442215976915
SH3_VNAR,S85M_E96V_model,VNAR,55,ASP,-1.7474999999999996,123.77260000000004,-102.85858,0.0,19.166520000000006,5.421868580996754,0.5421868580996754
SH3_VNAR,S85M_G91D_Y94T_model,antigen-tail,192,ARG,-3.8270500000000016,-115.08224000000001,102.00298000000004,0.0,-16.906309999999998,2.2447525596154216,0.22447525596154216
SH3_VNAR,S85M_G91D_Y94T_model,antigen-tail,195,ARG,-2.3060499999999995,-62.29833999999998,54.761280000000035,0.0,-9.843109999999996,2.049483719842639,0.2049483719842639
SH3_VNAR,S85M_G91D_Y94T_model,antigen,168,ARG,-4.228960000000001,-76.47006999999999,71.21262000000003,0.0,-9.486410000000001,4.045291186293026,0.40452911862930263
SH3_VNAR,S85M_G91D_Y94T_model,VNAR,46,ARG,-3.474469999999999,-93.74081000000002,90.10280999999998,0.0,-7.112470000000002,1.6087150179879588,0.1608715017987959
SH3_VNAR,S85M_G91D_Y94T_model,antigen,120,ARG,-1.7629700000000001,-29.38919,24.338949999999997,0.0,-6.813210000000006,2.481373528088821,0.2481373528088821
SH3_VNAR,S85M_G91D_Y94T_model,VNAR,57,LYS,0.08234999999999992,-99.94447999999997,94.12991,0.0,-5.73222,2.3796290071353545,0.23796290071353546
SH3_VNAR,S85M_G91D_Y94T_model,VNAR,96,GLU,-3.1433799999999996,-25.664130000000004,23.536760000000008,0.0,-5.2707500000000005,1.243911720139339,0.1243911720139339
SH3_VNAR,S85M_G91D_Y94T_model,antigen-tail,196,PRO,-5.50049,-0.5522500000000001,2.0818600000000003,0.0,-3.9708800000000024,0.6295316239872178,0.06295316239872178
SH3_VNAR,S85M_G91D_Y94T_model,VNAR,2,GLU,0.80208,-20.257490000000004,15.65443,0.0,-3.8009800000000014,1.3779199757605658,0.1377919975760566
SH3_VNAR,S85M_G91D_Y94T_model,antigen,142,LEU,-4.110030000000002,-3.7670299999999988,4.414990000000002,0.0,-3.4620699999999993,0.740022435538287,0.0740022435538287
SH3_VNAR,S85M_G91D_Y94T_model,antigen-tail,193,PRO,-2.4912199999999998,-2.61346,2.0925200000000004,0.0,-3.012160000000001,0.7645500731802986,0.07645500731802986
SH3_VNAR,S85M_G91D_Y94T_model,VNAR,43,LYS,-2.3784899999999993,-50.79881000000001,50.38002000000002,0.0,-2.7972800000000024,1.1141544873131417,0.11141544873131418
SH3_VNAR,S85M_G91D_Y94T_model,antigen,159,ASN,-2.3226499999999985,4.34915,-4.569940000000001,0.0,-2.5434399999999986,1.2033179739370623,0.12033179739370622
SH3_VNAR,S85M_G91D_Y94T_model,antigen-tail,194,PRO,-1.6021699999999999,-5.72169,4.929489999999998,0.0,-2.3943700000000003,0.5590653209599048,0.05590653209599048
SH3_VNAR,S85M_G91D_Y94T_model,VNAR,85,MET,-0.8692599999999997,-6.685500000000002,5.167219999999999,0.0,-2.387540000000001,1.8959017243517642,0.18959017243517642
SH3_VNAR,S85M_G91D_Y94T_model,antigen-tail,199,VAL,-2.3346300000000006,-1.90175,1.8866500000000002,0.0,-2.349729999999999,0.6322650687014127,0.06322650687014128
SH3_VNAR,S85M_G91D_Y94T_model,VNAR,44,TRP,-3.713800000000002,1.1443199999999993,0.33913,0.0,-2.230350000000002,0.6965312537854971,0.0696531253785497
SH3_VNAR,S85M_G91D_Y94T_model,antigen-tail,210,VAL,-1.9115299999999997,-2.2236799999999994,1.9682700000000006,0.0,-2.16694,1.0596342087720647,0.10596342087720648
SH3_VNAR,S85M_G91D_Y94T_model,VNAR,95,HIE,-5.528539999999998,-4.882969999999999,8.42448,0.0,-1.9870299999999994,0.8531311441390453,0.08531311441390453
SH3_VNAR,S85M_G91D_Y94T_model,antigen,141,ALA,-2.1959999999999997,-7.117899999999995,7.3385000000000025,0.0,-1.9753999999999998,0.5674661223368311,0.056746612233683116
SH3_VNAR,S85M_G91D_Y94T_model,antigen,157,TRP,-2.4569199999999993,-1.476239999999999,2.35931,0.0,-1.5738500000000002,0.546227102494922,0.0546227102494922
SH3_VNAR,S85M_G91D_Y94T_model,VNAR,62,LYS,-0.18739999999999982,-77.23297000000001,76.00113000000002,0.0,-1.419240000000001,2.665432423153886,0.2665432423153886
SH3_VNAR,S85M_G91D_Y94T_model,VNAR,31,GLY,-0.86789,-6.122149999999998,5.6267499999999995,0.0,-1.3632900000000003,0.748948733826287,0.07489487338262871
SH3_VNAR,S85M_G91D_Y94T_model,antigen-tail,190,LYS,-0.25649999999999995,-53.18366000000002,52.322379999999995,0.0,-1.1177799999999984,1.182890337943462,0.11828903379434622
SH3_VNAR,S85M_G91D_Y94T_model,VNAR,82,GLU,0.31677999999999995,-9.607719999999997,8.261289999999995,0.0,-1.0296500000000008,2.36689067079576,0.236689067079576
SH3_VNAR,S85M_G91D_Y94T_model,VNAR,87,CYS,-0.6627899999999997,-5.031300000000001,4.665989999999999,0.0,-1.0281000000000002,0.9803347438502829,0.09803347438502828
SH3_VNAR,S85M_G91D_Y94T_model,VNAR,35,TYR,-1.7685299999999993,-1.2505900000000003,4.022290000000001,0.0,1.00317,0.9098200597370888,0.09098200597370888
SH3_VNAR,S85M_G91D_Y94T_model,VNAR,32,THR,-1.1933299999999998,4.351639999999998,-1.8999300000000003,0.0,1.2583800000000005,1.1303901077061855,0.11303901077061855
SH3_VNAR,S85M_G91D_Y94T_model,VNAR,26,SER,-2.9754900000000015,-1.1741000000000006,5.423729999999998,0.0,1.27414,1.6458791208348191,0.16458791208348192
SH3_VNAR,S85M_G91D_Y94T_model,antigen-tail,207,GLU,-0.30988000000000004,28.495330000000013,-26.813209999999994,0.0,1.37224,0.7087187047058973,0.07087187047058972
SH3_VNAR,S85M_G91D_Y94T_model,VNAR,91,ASP,-1.3965600000000002,-16.713300000000007,20.561699999999988,0.0,2.4518400000000002,1.4484526690230524,0.14484526690230523
SH3_VNAR,S85M_G91D_Y94T_model,antigen,122,GLU,-2.3117799999999997,-15.394830000000004,21.783470000000012,0.0,4.076860000000001,2.3278403382534614,0.23278403382534613
SH3_VNAR,S85M_G91D_Y94T_model,antigen,123,ASP,-0.3619800000000001,0.012600000000000229,4.6410800000000005,0.0,4.2917000000000005,2.3085452497189687,0.23085452497189687
SH3_VNAR,S85M_G91D_Y94T_model,antigen,170,ASP,-1.1468299999999993,-6.205550000000001,13.9733,0.0,6.620919999999999,3.6251541779074716,0.36251541779074714
SH3_VNAR,S85M_S86G_model,antigen,168,ARG,-4.516259999999999,-70.91366,62.928739999999976,0.0,-12.501180000000007,1.820749589482239,0.1820749589482239
SH3_VNAR,S85M_S86G_model,VNAR,46,ARG,0.20302000000000006,-87.31504000000001,80.93914,0.0,-6.17288,3.1460931654354996,0.31460931654354996
SH3_VNAR,S85M_S86G_model,VNAR,88,ASP,-0.15291000000000002,-8.955300000000005,4.658249999999999,0.0,-4.449959999999997,1.5692519932757878,0.15692519932757878
SH3_VNAR,S85M_S86G_model,antigen,182,LYS,0.012570000000000107,-57.71572999999999,54.57956999999998,0.0,-3.1235899999999996,1.4672809212621847,0.14672809212621846
SH3_VNAR,S85M_S86G_model,VNAR,57,LYS,-0.2096,-79.36366000000002,76.6939,0.0,-2.8793599999999997,1.5747046105222438,0.15747046105222437
SH3_VNAR,S85M_S86G_model,VNAR,86,GLY,-0.7750800000000004,-7.72304,6.2898900000000015,0.0,-2.208229999999999,0.9097585927596387,0.09097585927596387
SH3_VNAR,S85M_S86G_model,antigen,166,GLY,-0.2530700000000001,-3.0257900000000006,1.3245400000000003,0.0,-1.9543200000000034,0.6222792279997733,0.06222792279997733
SH3_VNAR,S85M_S86G_model,VNAR,92,TYR,-2.82347,-0.77268,2.02232,0.0,-1.5738300000000003,1.3381926173387737,0.13381926173387737
SH3_VNAR,S85M_S86G_model,antigen,161,TYR,-2.8685899999999998,-0.8668700000000013,2.16974,0.0,-1.565720000000003,0.6971540156952393,0.06971540156952392
SH3_VNAR,S85M_S86G_model,antigen-tail,191,PRO,-1.4429799999999993,0.13260999999999953,-0.18029000000000003,0.0,-1.490660000000001,0.7710770028991929,0.07710770028991928
SH3_VNAR,S85M_S86G_model,VNAR,84,TYR,-2.0691599999999992,1.7745,-1.1569599999999998,0.0,-1.4516199999999992,0.38072419886317,0.038072419886317
SH3_VNAR,S85M_S86G_model,antigen-tail,189,PRO,-1.71803,-0.9637699999999998,1.2346600000000003,0.0,-1.4471399999999992,1.364667117065552,0.1364667117065552
SH3_VNAR,S85M_S86G_model,VNAR,87,CYS,-2.2930899999999994,-1.9576300000000009,2.97402,0.0,-1.276699999999999,0.522676620866096,0.0522676620866096
SH3_VNAR,S85M_S86G_model,VNAR,31,GLY,-0.9603,-4.107490000000001,3.8005899999999992,0.0,-1.2672000000000003,0.2359903387852975,0.023599033878529747
SH3_VNAR,S85M_S86G_model,antigen-tail,190,LYS,-1.4967199999999996,-32.06101,32.34482000000001,0.0,-1.2129100000000004,1.2919296273017344,0.12919296273017344
SH3_VNAR,S85M_S86G_model,antigen,167,GLU,-1.49002,2.11112,-1.7686800000000011,0.0,-1.1475799999999992,0.6429029192654228,0.06429029192654227
SH3_VNAR,S85M_S86G_model,antigen,163,GLU,-0.35210000000000014,25.013770000000005,-23.246379999999995,0.0,1.415289999999997,1.2495296018502309,0.12495296018502308
SH3_VNAR,S85M_S86G_model,antigen,121,GLU,-2.5344500000000005,-0.3637399999999992,5.520590000000006,0.0,2.622400000000001,2.183227487001755,0.21832274870017548
SH3_VNAR,S85M_S86G_model,VNAR,55,ASP,-0.8801699999999997,81.14797999999998,-75.78888000000005,0.0,4.478930000000003,1.9730366659289458,0.19730366659289458
SH3_VNAR,S85T_D89S_G91D_H95Y_model,VNAR,67,ARG,-1.2119300000000004,-142.56878999999998,126.53927000000002,0.0,-17.241450000000004,1.790469035616067,0.1790469035616067
SH3_VNAR,S85T_D89S_G91D_H95Y_model,antigen,168,ARG,-3.3313800000000002,-52.74923999999997,46.993390000000005,0.0,-9.087230000000007,1.4833545284590313,0.14833545284590313
SH3_VNAR,S85T_D89S_G91D_H95Y_model,antigen-tail,192,ARG,-1.6203300000000007,-63.32341999999998,58.05640999999998,0.0,-6.887339999999999,1.8932871109263947,0.18932871109263946
SH3_VNAR,S85T_D89S_G91D_H95Y_model,VNAR,88,ASP,-0.6504699999999999,-71.67878999999998,68.48611,0.0,-3.8431499999999987,2.9120821086466666,0.29120821086466664
SH3_VNAR,S85T_D89S_G91D_H95Y_model,antigen-tail,186,PRO,-3.1478400000000004,-1.0089300000000003,0.8853800000000004,0.0,-3.2713899999999985,0.9320221230743447,0.09320221230743447
SH3_VNAR,S85T_D89S_G91D_H95Y_model,antigen,163,GLU,-0.2835900000000001,19.83285999999999,-22.79225,0.0,-3.2429800000000015,1.6892273025262168,0.16892273025262167
SH3_VNAR,S85T_D89S_G91D_H95Y_model,antigen-tail,187,PRO,-4.794500000000002,-2.7339200000000003,4.36468,0.0,-3.16374,1.3710432058837552,0.13710432058837552
SH3_VNAR,S85T_D89S_G91D_H95Y_model,VNAR,46,ARG,-2.7902300000000007,-90.92487,90.76652999999996,0.0,-2.9485700000000024,3.562888424452831,0.35628884244528314
SH3_VNAR,S85T_D89S_G91D_H95Y_model,antigen-tail,184,ILE,-3.6100199999999973,-1.55867,2.3453300000000006,0.0,-2.8233600000000005,0.9726649836403048,0.09726649836403048
SH3_VNAR,S85T_D89S_G91D_H95Y_model,antigen-tail,207,GLU,0.00921000000000002,-35.15742000000002,32.88282999999999,0.0,-2.2653800000000017,2.1151081758624075,0.21151081758624074
SH3_VNAR,S85T_D89S_G91D_H95Y_model,VNAR,82,GLU,0.4325800000000001,3.1115999999999984,-5.435710000000001,0.0,-1.8915300000000017,1.3847034011296426,0.13847034011296427
SH3_VNAR,S85T_D89S_G91D_H95Y_model,VNAR,94,TYR,-2.8597699999999993,-2.87608,3.90337,0.0,-1.83248,0.9583319308047696,0.09583319308047697
SH3_VNAR,S85T_D89S_G91D_H95Y_model,VNAR,90,PRO,-2.21601,-2.5057,3.1445600000000002,0.0,-1.5771500000000003,0.9348639941189306,0.09348639941189306
SH3_VNAR,S85T_D89S_G91D_H95Y_model,VNAR,15,SER,-0.08859000000000003,-12.168559999999996,10.831790000000002,0.0,-1.4253600000000006,0.8508587252887513,0.08508587252887513
SH3_VNAR,S85T_D89S_G91D_H95Y_model,antigen,161,TYR,-3.7803999999999998,0.07646999999999977,2.310230000000001,0.0,-1.3937000000000004,0.9699267755866946,0.09699267755866946
SH3_VNAR,S85T_D89S_G91D_H95Y_model,antigen-tail,205,LYS,-3.8851500000000003,-2.039230000000001,4.538639999999999,0.0,-1.3857400000000015,1.2652507942696556,0.12652507942696556
SH3_VNAR,S85T_D89S_G91D_H95Y_model,antigen-tail,190,LYS,-0.6709899999999999,-42.27022,41.63797000000002,0.0,-1.3032399999999995,1.2908024025388203,0.12908024025388204
SH3_VNAR,S85T_D89S_G91D_H95Y_model,VNAR,56,THR,-2.86455,-3.4132799999999985,5.047159999999998,0.0,-1.2306699999999997,1.1667337661609016,0.11667337661609016
SH3_VNAR,S85T_D89S_G91D_H95Y_model,VNAR,52,ARG,-0.21421999999999997,-62.00697000000001,61.083509999999976,0.0,-1.1376800000000005,0.11047242913958537,0.011047242913958536
SH3_VNAR,S85T_D89S_G91D_H95Y_model,antigen-tail,188,THR,-0.6063699999999999,-1.4884700000000004,1.0051399999999995,0.0,-1.0897000000000006,1.7585708828477744,0.17585708828477745
SH3_VNAR,S85T_D89S_G91D_H95Y_model,antigen-tail,210,VAL,-1.94051,-1.02378,1.9001700000000001,0.0,-1.0641199999999997,0.4549632574175617,0.045496325741756174
SH3_VNAR,S85T_D89S_G91D_H95Y_model,VNAR,69,SER,0.34726000000000007,-12.861569999999999,11.461230000000002,0.0,-1.0530800000000007,0.9032273875387092,0.09032273875387092
SH3_VNAR,S85T_D89S_G91D_H95Y_model,VNAR,14,GLU,-0.10985000000000004,61.48674999999997,-60.36297000000003,0.0,1.013929999999999,0.11493313316881647,0.011493313316881647
SH3_VNAR,S85T_D89S_G91D_H95Y_model,antigen-tail,185,SER,-1.4677800000000005,0.49484999999999957,2.0119399999999996,0.0,1.0390099999999982,1.4275972015593201,0.14275972015593202
SH3_VNAR,S85T_D89S_G91D_H95Y_model,VNAR,24,ASP,-1.9206199999999995,-16.4256,19.399560000000005,0.0,1.0533399999999993,1.101730168598466,0.1101730168598466
SH3_VNAR,S85T_D89S_G91D_H95Y_model,VNAR,26,SER,-1.6320800000000006,-3.723950000000002,6.581690000000001,0.0,1.2256599999999997,2.137005246694544,0.2137005246694544
SH3_VNAR,S85T_D89S_G91D_H95Y_model,VNAR,54,SER,-1.3011199999999996,2.078610000000001,0.4613600000000001,0.0,1.23885,0.7034852148410805,0.07034852148410806
SH3_VNAR,S85T_D89S_G91D_H95Y_model,antigen,182,LYS,-1.3030199999999998,-28.41787999999999,31.41299000000002,0.0,1.6920899999999994,2.0936766660351336,0.20936766660351336
SH3_VNAR,S85T_D89S_G91D_H95Y_model,antigen-tail,211,GLU,-0.18273000000000003,-1.1764100000000008,7.688950000000002,0.0,6.329810000000005,2.9766170217043313,0.29766170217043314
SH3_VNAR,S85T_D89S_G91D_H95Y_model,VNAR,70,ASP,-0.7868600000000002,103.85312,-95.34525999999998,0.0,7.721,1.6180739167294038,0.1618073916729404
SH3_VNAR,S85T_H95Y_model,VNAR,92,TYR,-3.84488,-9.680939999999998,8.88041,0.0,-4.645409999999999,1.434016402242313,0.1434016402242313
SH3_VNAR,S85T_H95Y_model,antigen-tail,192,ARG,-0.9592900000000002,-45.97785000000003,42.319449999999996,0.0,-4.617689999999998,3.6579096508661886,0.36579096508661885
SH3_VNAR,S85T_H95Y_model,antigen,133,THR,-0.9437500000000004,-2.952359999999999,1.6313899999999992,0.0,-2.2647199999999996,0.6054784567596151,0.06054784567596151
SH3_VNAR,S85T_H95Y_model,VNAR,82,GLU,-0.18666999999999995,-7.040379999999999,5.172770000000001,0.0,-2.0542799999999994,1.4782398322329164,0.14782398322329166
SH3_VNAR,S85T_H95Y_model,antigen,168,ARG,-4.12791,-43.10117,45.34814000000002,0.0,-1.8809400000000014,2.172587567026932,0.2172587567026932
SH3_VNAR,S85T_H95Y_model,VNAR,46,ARG,-2.05551,-81.16643000000002,81.54078999999999,0.0,-1.6811500000000021,5.085003756881603,0.5085003756881603
SH3_VNAR,S85T_H95Y_model,antigen-tail,195,ARG,-0.56923,-19.147029999999997,18.155510000000003,0.0,-1.5607499999999999,3.223194137420211,0.3223194137420211
SH3_VNAR,S85T_H95Y_model,antigen-tail,190,LYS,-0.5719600000000002,-36.978530000000006,36.00902000000001,0.0,-1.5414699999999981,2.0961998733660874,0.20961998733660875
SH3_VNAR,S85T_H95Y_model,VNAR,94,TYR,-5.557720000000002,-7.4474599999999995,11.579379999999993,0.0,-1.4257999999999997,1.1561973187998662,0.11561973187998661
SH3_VNAR,S85T_H95Y_model,antigen,135,ASN,-2.246339999999999,-5.826069999999999,6.6771199999999995,0.0,-1.3952900000000006,0.9733643746819598,0.09733643746819598
SH3_VNAR,S85T_H95Y_model,VNAR,91,GLY,-1.11876,-4.422190000000001,4.474860000000003,0.0,-1.0660900000000009,0.8771500908624474,0.08771500908624474
SH3_VNAR,S85T_H95Y_model,antigen,107,GLY,-0.4654,-0.48070000000000074,-0.07902999999999998,0.0,-1.0251300000000003,0.32011484361085213,0.03201148436108521
SH3_VNAR,S85T_H95Y_model,antigen,106,GLU,-0.5695100000000004,-6.185409999999998,7.982710000000002,0.0,1.2277900000000026,0.9991173033733336,0.09991173033733336
SH3_VNAR,S85T_H95Y_model,antigen,163,GLU,-2.353299999999999,16.24491,-11.417060000000001,0.0,2.4745499999999994,2.3691201462779397,0.23691201462779396
SH3_VNAR,S85T_Y92D_C93Y_H95Y_model,antigen,168,ARG,-2.34786,-42.66416999999998,38.24451999999999,0.0,-6.767509999999998,1.3620559275962196,0.13620559275962196
SH3_VNAR,S85T_Y92D_C93Y_H95Y_model,antigen,136,LYS,-3.55652,-97.40029000000003,94.84313000000002,0.0,-6.113680000000001,3.4069596266466053,0.3406959626646605
SH3_VNAR,S85T_Y92D_C93Y_H95Y_model,VNAR,46,ARG,-0.65211,-83.64081,78.96224000000004,0.0,-5.33068,1.7472756444247737,0.17472756444247736
SH3_VNAR,S85T_Y92D_C93Y_H95Y_model,antigen-tail,201,PRO,-4.035,-3.0462299999999987,2.8303299999999982,0.0,-4.250899999999998,0.6235012510011542,0.062350125100115415
SH3_VNAR,S85T_Y92D_C93Y_H95Y_model,VNAR,89,ASP,-0.3184699999999999,-19.45480000000001,16.002979999999994,0.0,-3.77029,2.1951923847125565,0.21951923847125565
SH3_VNAR,S85T_Y92D_C93Y_H95Y_model,VNAR,90,PRO,-3.1200200000000002,-10.164689999999998,9.81827,0.0,-3.4664400000000004,0.9384667209869494,0.09384667209869493
SH3_VNAR,S85T_Y92D_C93Y_H95Y_model,VNAR,91,GLY,-1.8620600000000003,-9.11791,8.085930000000001,0.0,-2.8940399999999977,1.0721634382872816,0.10721634382872816
SH3_VNAR,S85T_Y92D_C93Y_H95Y_model,antigen,167,GLU,0.2285100000000001,-13.93513,11.106670000000001,0.0,-2.59995,1.0434293207975294,0.10434293207975294
SH3_VNAR,S85T_Y92D_C93Y_H95Y_model,VNAR,43,LYS,-0.34667000000000014,-83.54663000000001,81.53323999999999,0.0,-2.3600600000000007,1.6305267849379244,0.16305267849379243
SH3_VNAR,S85T_Y92D_C93Y_H95Y_model,VNAR,93,TYR,-2.0007099999999993,-1.5198699999999994,1.53448,0.0,-1.9861000000000002,0.5665909900448449,0.056659099004484494
SH3_VNAR,S85T_Y92D_C93Y_H95Y_model,antigen-tail,202,GLY,-0.8001199999999998,-3.0046099999999996,2.5996599999999987,0.0,-1.2050700000000008,0.44872918904390574,0.044872918904390574
SH3_VNAR,S85T_Y92D_C93Y_H95Y_model,antigen,182,LYS,-0.3339600000000002,-34.123370000000016,33.351969999999994,0.0,-1.1053600000000003,0.44928900542969225,0.044928900542969226
SH3_VNAR,S85T_Y92D_C93Y_H95Y_model,VNAR,30,SER,-1.6328300000000002,-0.18193000000000004,0.72126,0.0,-1.0934999999999997,0.8633184059198542,0.08633184059198543
SH3_VNAR,S85T_Y92D_C93Y_H95Y_model,antigen,139,LEU,-1.1450199999999997,-2.0899499999999995,2.2054599999999995,0.0,-1.0295100000000004,0.3067595310662716,0.030675953106627157
SH3_VNAR,S85T_Y92D_C93Y_H95Y_model,antigen,134,VAL,-0.29188000000000003,2.0314400000000004,-0.53023,0.0,1.2093300000000005,0.726623438309005,0.0726623438309005
SH3_VNAR,S85T_Y92D_C93Y_H95Y_model,antigen,106,GLU,-1.8945699999999996,-17.773559999999996,21.109040000000004,0.0,1.4409100000000004,2.6338947059250484,0.26338947059250484
SH3_VNAR,S85T_Y92D_C93Y_H95Y_model,VNAR,92,ASP,-2.2885199999999997,-7.16133,12.817040000000011,0.0,3.3671900000000003,2.5612127388992887,0.2561212738899289
SH3_VNAR,S85T_model,VNAR,46,ARG,-1.3640499999999998,-85.00045000000001,78.63621999999998,0.0,-7.728279999999996,3.645125249096399,0.36451252490963987
SH3_VNAR,S85T_model,antigen-tail,192,ARG,-0.8480599999999998,-39.204359999999994,33.44277999999998,0.0,-6.60964,2.4625471874463565,0.24625471874463564
SH3_VNAR,S85T_model,antigen-tail,185,SER,-1.4310799999999995,-19.917460000000005,15.254570000000003,0.0,-6.093969999999997,0.9196214053076521,0.09196214053076521
SH3_VNAR,S85T_model,antigen,135,ASN,-2.1462,-12.955649999999997,11.959370000000005,0.0,-3.1424799999999995,1.0227573170601116,0.10227573170601116
SH3_VNAR,S85T_model,antigen-tail,184,ILE,-1.35073,-4.612699999999999,3.21493,0.0,-2.7485000000000017,0.5691914704209838,0.056919147042098384
SH3_VNAR,S85T_model,antigen-tail,186,PRO,-2.2202700000000006,-5.306270000000001,4.85721,0.0,-2.66933,0.7649804972023789,0.0764980497202379
SH3_VNAR,S85T_model,antigen-tail,208,ALA,-2.0062099999999994,-4.621090000000001,3.96096,0.0,-2.666340000000001,0.8037097264560146,0.08037097264560146
SH3_VNAR,S85T_model,antigen-tail,187,PRO,-2.7445600000000003,-0.33758000000000016,0.6206500000000001,0.0,-2.4614899999999986,0.4080513569393012,0.04080513569393012
SH3_VNAR,S85T_model,VNAR,94,TYR,-4.757479999999998,-2.2804500000000005,4.667140000000001,0.0,-2.370790000000001,0.7280969069430249,0.07280969069430249
SH3_VNAR,S85T_model,antigen,141,ALA,-2.366660000000001,-5.947829999999999,6.0164,0.0,-2.2980899999999993,0.6725435464711587,0.06725435464711586
SH3_VNAR,S85T_model,VNAR,92,TYR,-4.596370000000001,-1.8987899999999984,4.201850000000001,0.0,-2.2933099999999986,0.9056714050360652,0.09056714050360652
SH3_VNAR,S85T_model,antigen,170,ASP,0.34245999999999993,-17.210299999999993,14.869599999999998,0.0,-1.9982399999999987,2.344636266545412,0.23446362665454118
SH3_VNAR,S85T_model,VNAR,8,THR,-1.1200500000000004,-11.16707,10.434239999999999,0.0,-1.85288,1.1249443211110484,0.11249443211110484
SH3_VNAR,S85T_model,VNAR,35,TYR,-1.9413500000000001,-1.4966000000000002,1.7009,0.0,-1.7370499999999993,0.8419898024916935,0.08419898024916936
SH3_VNAR,S85T_model,VNAR,33,TYR,-3.3166800000000007,-3.0027799999999996,4.58635,0.0,-1.7331100000000002,0.5822160405725675,0.05822160405725675
SH3_VNAR,S85T_model,antigen,133,THR,-1.9641700000000006,-0.8716000000000002,1.1504100000000002,0.0,-1.6853600000000002,0.5138613338246029,0.051386133382460286
SH3_VNAR,S85T_model,antigen-tail,209,ASP,-1.8985599999999991,-15.222500000000009,15.470060000000005,0.0,-1.6510000000000016,1.6045867193766739,0.16045867193766739
SH3_VNAR,S85T_model,VNAR,44,TRP,-3.0540600000000007,2.44928,-1.03506,0.0,-1.6398400000000004,0.4551853187439156,0.04551853187439156
SH3_VNAR,S85T_model,antigen,140,VAL,-1.7104199999999992,-3.20099,3.45478,0.0,-1.4566299999999999,0.3496475555470104,0.034964755554701035
SH3_VNAR,S85T_model,VNAR,91,GLY,-0.8845199999999993,-5.12014,4.633559999999999,0.0,-1.371100000000001,0.470357874389279,0.047035787438927903
SH3_VNAR,S85T_model,antigen-tail,210,VAL,-1.3799200000000003,-0.6101899999999997,0.8996899999999997,0.0,-1.0904199999999997,0.5619178441729705,0.05619178441729705
SH3_VNAR,S85T_model,antigen,166,GLY,-1.0439400000000003,-0.6700599999999993,0.6703500000000001,0.0,-1.0436499999999997,0.38627977878734354,0.03862797787873436
SH3_VNAR,S85T_model,VNAR,43,LYS,-1.4259300000000001,-41.87140999999999,42.27683999999999,0.0,-1.0205000000000022,0.6466426602073184,0.06466426602073184
SH3_VNAR,S85T_model,antigen-tail,207,GLU,-1.1809899999999993,2.3662300000000003,-0.1265899999999993,0.0,1.0586500000000005,2.1592110613601427,0.21592110613601428
SH3_VNAR,S85T_model,VNAR,1,VAL,-1.8695400000000009,-11.04363,14.235599999999994,0.0,1.3224299999999993,1.5825433785839786,0.15825433785839788
SH3_VNAR,S85T_model,antigen,106,GLU,-0.7459899999999999,-18.03018,20.28091,0.0,1.504740000000001,1.3825356242788094,0.13825356242788095
SH3_VNAR,S85T_model,VNAR,82,GLU,-1.29678,-7.249260000000001,10.322090000000001,0.0,1.7760499999999997,1.7565040471060687,0.17565040471060686
SH3_VNAR,S85T_model,antigen,168,ARG,-3.88616,-14.890200000000007,20.7269,0.0,1.9505400000000004,1.8894895258772961,0.18894895258772962
SH3_VNAR,S85T_model,VNAR,96,GLU,-1.3727099999999997,-33.18704,40.221110000000024,0.0,5.661359999999998,2.5497161274149733,0.2549716127414973
SH3_VNAR,S86G_E96S_model,VNAR,46,ARG,-0.10719000000000008,-94.22798000000004,86.44229999999999,0.0,-7.892870000000007,1.317056791903795,0.1317056791903795
SH3_VNAR,S86G_E96S_model,antigen-tail,209,ASP,-1.2419899999999997,-40.43842999999999,36.69734000000002,0.0,-4.98308,2.131898199633369,0.2131898199633369
SH3_VNAR,S86G_E96S_model,antigen-tail,192,ARG,-0.005869999999999975,-54.989739999999976,50.35897,0.0,-4.636640000000001,3.2363613133270523,0.32363613133270525
SH3_VNAR,S86G_E96S_model,antigen-tail,205,LYS,-3.1469300000000002,-7.1331500000000005,5.742849999999999,0.0,-4.537229999999999,2.2242253836111163,0.22242253836111164
SH3_VNAR,S86G_E96S_model,VNAR,6,THR,-0.9662,-14.970720000000002,12.02182999999999,0.0,-3.915089999999999,0.942603353431345,0.09426033534313451
SH3_VNAR,S86G_E96S_model,VNAR,5,PRO,-2.7638599999999998,-7.286419999999996,6.195239999999999,0.0,-3.85504,0.49872721842707823,0.04987272184270782
SH3_VNAR,S86G_E96S_model,antigen,142,LEU,-4.34832,-2.5579399999999994,3.15682,0.0,-3.7494399999999994,0.7188386650702647,0.07188386650702647
SH3_VNAR,S86G_E96S_model,antigen,170,ASP,1.0057700000000005,-34.101929999999996,29.91263999999999,0.0,-3.1835200000000015,1.239219927857841,0.12392199278578411
SH3_VNAR,S86G_E96S_model,antigen-tail,210,VAL,-2.25234,-0.50256,-0.18050999999999998,0.0,-2.9354100000000005,0.3458436668496314,0.03458436668496314
SH3_VNAR,S86G_E96S_model,antigen-tail,195,ARG,-1.6376100000000002,-43.056249999999984,41.89871999999998,0.0,-2.795139999999999,3.7373877027142908,0.3737387702714291
SH3_VNAR,S86G_E96S_model,antigen-tail,204,SER,-0.5384100000000002,-10.826410000000008,8.93394,0.0,-2.4308800000000006,1.0584520421823564,0.10584520421823565
SH3_VNAR,S86G_E96S_model,VNAR,3,GLN,-0.12104999999999995,-7.31529,5.043679999999998,0.0,-2.39266,0.7950032857793752,0.07950032857793751
SH3_VNAR,S86G_E96S_model,VNAR,10,LYS,-0.11407999999999997,-90.37535,88.14981,0.0,-2.3396199999999983,1.9632427296694626,0.19632427296694627
SH3_VNAR,S86G_E96S_model,VNAR,94,TYR,-3.3012200000000003,-1.474020000000001,2.4705399999999993,0.0,-2.3047000000000004,0.6876933400869869,0.0687693340086987
SH3_VNAR,S86G_E96S_model,antigen-tail,196,PRO,-1.4112400000000003,-0.07955999999999967,-0.5715999999999998,0.0,-2.0623999999999993,1.1853737554037558,0.11853737554037558
SH3_VNAR,S86G_E96S_model,VNAR,8,THR,-0.28833999999999993,-13.029460000000004,11.402990000000003,0.0,-1.9148100000000006,0.9208828991245326,0.09208828991245326
SH3_VNAR,S86G_E96S_model,antigen,138,SER,-1.1768600000000002,-9.88525,9.196390000000001,0.0,-1.865719999999999,0.9088684071965546,0.09088684071965546
SH3_VNAR,S86G_E96S_model,VNAR,84,TYR,-3.7168499999999995,0.12547000000000083,1.76482,0.0,-1.826559999999998,0.8704658674525967,0.08704658674525967
SH3_VNAR,S86G_E96S_model,VNAR,44,TRP,-2.9657699999999982,-1.0181200000000001,2.2031800000000006,0.0,-1.7807100000000002,0.40080819090931724,0.040080819090931724
SH3_VNAR,S86G_E96S_model,antigen-tail,201,PRO,-1.05146,-4.150440000000001,3.5761599999999976,0.0,-1.6257399999999995,1.3134047405122324,0.13134047405122323
SH3_VNAR,S86G_E96S_model,antigen-tail,199,VAL,-1.8738800000000007,1.4431099999999992,-1.1294999999999995,0.0,-1.56027,1.3018426237836898,0.13018426237836897
SH3_VNAR,S86G_E96S_model,VNAR,89,ASP,-0.30809999999999976,-46.38692999999999,45.24224,0.0,-1.4527899999999996,2.899054057084828,0.2899054057084828
SH3_VNAR,S86G_E96S_model,antigen,182,LYS,-0.21920000000000023,-38.487719999999975,37.30714999999999,0.0,-1.3997699999999988,1.6195070166874868,0.16195070166874867
SH3_VNAR,S86G_E96S_model,VNAR,88,ASP,-0.66224,-50.35437000000001,49.72961999999998,0.0,-1.2869900000000007,2.8024705796671645,0.28024705796671645
SH3_VNAR,S86G_E96S_model,VNAR,7,THR,-1.9631799999999993,0.9060100000000003,-0.21910000000000018,0.0,-1.2762700000000011,0.6304546907589785,0.06304546907589785
SH3_VNAR,S86G_E96S_model,VNAR,35,TYR,-1.6706999999999994,1.562550000000001,-1.1220599999999998,0.0,-1.2302099999999998,0.4224717575175899,0.04224717575175899
SH3_VNAR,S86G_E96S_model,antigen-tail,202,GLY,-0.7497999999999999,-1.4597099999999994,1.0026300000000001,0.0,-1.2068799999999997,1.2959110716403337,0.12959110716403338
SH3_VNAR,S86G_E96S_model,VNAR,4,THR,-0.21030000000000007,-8.314360000000004,7.35081,0.0,-1.1738499999999998,0.7906254154149105,0.07906254154149105
SH3_VNAR,S86G_E96S_model,VNAR,33,TYR,-2.25092,-7.142780000000001,8.29391,0.0,-1.0997900000000012,1.1718856283358035,0.11718856283358034
SH3_VNAR,S86G_E96S_model,VNAR,30,SER,-1.1092700000000002,3.78902,-1.5320299999999991,0.0,1.1477199999999994,1.0629292269949118,0.10629292269949117
SH3_VNAR,S86G_E96S_model,VNAR,62,LYS,-0.44032,-18.90486,21.089029999999994,0.0,1.74385,2.8083185730077003,0.28083185730077004
SH3_VNAR,S86G_E96S_model,VNAR,24,ASP,-1.3734699999999997,4.795730000000001,0.8827900000000004,0.0,4.305050000000002,2.8407822527430677,0.28407822527430676
SH3_VNAR,S86G_E96S_model,VNAR,82,GLU,-0.14414000000000002,30.182509999999983,-23.8372,0.0,6.201170000000001,2.085940186366811,0.20859401863668112
SH3_VNAR,S86G_G91S_model,VNAR,46,ARG,-1.0897199999999996,-128.6681000000001,113.74843999999999,0.0,-16.009379999999997,2.2005504846742165,0.22005504846742166
SH3_VNAR,S86G_G91S_model,antigen-tail,205,LYS,-0.6336200000000002,-20.005179999999992,6.999580000000005,0.0,-13.639219999999991,4.763696376932538,0.4763696376932538
SH3_VNAR,S86G_G91S_model,VNAR,67,ARG,-0.08753999999999998,-97.30389,93.26139999999995,0.0,-4.13003,2.8940283808387264,0.2894028380838726
SH3_VNAR,S86G_G91S_model,antigen,142,LEU,-4.0869800000000005,-2.454470000000001,3.1774100000000005,0.0,-3.3640400000000015,0.8047353840859734,0.08047353840859735
SH3_VNAR,S86G_G91S_model,antigen-tail,200,ALA,-2.8342100000000006,-4.995419999999999,4.681619999999999,0.0,-3.1480099999999998,0.5943780025371098,0.05943780025371098
SH3_VNAR,S86G_G91S_model,antigen,168,ARG,-4.928589999999999,-36.9653,39.114009999999986,0.0,-2.779880000000002,2.4098988579606346,0.24098988579606345
SH3_VNAR,S86G_G91S_model,VNAR,54,SER,-0.16531999999999997,-16.176209999999994,13.598989999999999,0.0,-2.7425400000000013,2.0254755166133203,0.20254755166133204
SH3_VNAR,S86G_G91S_model,antigen,141,ALA,-2.5747700000000004,-7.666600000000001,7.58532,0.0,-2.656050000000001,0.5474838696253992,0.05474838696253992
SH3_VNAR,S86G_G91S_model,VNAR,94,TYR,-2.5540700000000003,-2.69889,2.8552,0.0,-2.397759999999999,0.8579030961594659,0.0857903096159466
SH3_VNAR,S86G_G91S_model,VNAR,43,LYS,-2.7527600000000003,-60.38306999999997,60.78765000000001,0.0,-2.348179999999999,0.9964800487716735,0.09964800487716735
SH3_VNAR,S86G_G91S_model,VNAR,88,ASP,-3.0218599999999993,-10.757950000000001,11.51494,0.0,-2.2648700000000006,1.1873505097906023,0.11873505097906023
SH3_VNAR,S86G_G91S_model,VNAR,84,TYR,-3.7339900000000004,-1.5277100000000003,3.043169999999999,0.0,-2.21853,1.004274837432461,0.1004274837432461
SH3_VNAR,S86G_G91S_model,VNAR,49,ILE,-2.18476,-1.9433300000000004,2.0298800000000004,0.0,-2.098209999999999,0.8976757910849565,0.08976757910849566
SH3_VNAR,S86G_G91S_model,antigen,135,ASN,-1.9810699999999999,-5.9996800000000015,5.948230000000003,0.0,-2.032520000000001,0.7826564441694702,0.07826564441694703
SH3_VNAR,S86G_G91S_model,antigen-tail,197,LEU,-2.2525700000000004,-2.8214200000000007,3.0814299999999992,0.0,-1.9925600000000003,0.5023379205276042,0.05023379205276042
SH3_VNAR,S86G_G91S_model,VNAR,87,CYS,-2.49927,-3.3945500000000015,3.90741,0.0,-1.98641,0.6458136123526651,0.0645813612352665
SH3_VNAR,S86G_G91S_model,VNAR,89,ASP,-0.9151100000000004,-14.698209999999996,13.639750000000003,0.0,-1.973570000000002,2.364858749502812,0.23648587495028123
SH3_VNAR,S86G_G91S_model,VNAR,44,TRP,-3.7365999999999984,0.26227999999999996,1.6078000000000001,0.0,-1.866519999999999,0.6148650987005208,0.061486509870052074
SH3_VNAR,S86G_G91S_model,antigen-tail,210,VAL,-1.2773999999999992,-2.4414899999999995,1.8543100000000001,0.0,-1.8645799999999995,1.3075789167771106,0.13075789167771107
SH3_VNAR,S86G_G91S_model,antigen-tail,192,ARG,-0.15747000000000003,-28.040590000000012,26.445630000000005,0.0,-1.7524300000000017,2.2099585935261303,0.22099585935261304
SH3_VNAR,S86G_G91S_model,antigen-tail,199,VAL,-1.71937,0.6256400000000003,-0.6479599999999998,0.0,-1.7416899999999993,0.41831281823534844,0.04183128182353484
SH3_VNAR,S86G_G91S_model,VNAR,30,SER,-2.790720000000001,-2.26219,3.37427,0.0,-1.6786399999999997,1.1941844624680047,0.11941844624680047
SH3_VNAR,S86G_G91S_model,antigen,140,VAL,-0.3896700000000001,-7.439770000000001,6.334400000000001,0.0,-1.4950400000000001,1.167237036081361,0.11672370360813611
SH3_VNAR,S86G_G91S_model,antigen,138,SER,-1.3620800000000002,-7.636690000000001,7.553820000000001,0.0,-1.4449500000000008,1.1423823473338515,0.11423823473338515
SH3_VNAR,S86G_G91S_model,antigen-tail,198,PRO,-2.03711,-2.9062000000000006,3.499329999999999,0.0,-1.4439800000000005,1.0015879490089714,0.10015879490089714
SH3_VNAR,S86G_G91S_model,antigen-tail,202,GLY,-0.7791799999999999,-0.19375000000000042,-0.06033000000000002,0.0,-1.0332600000000005,0.23144760184542823,0.023144760184542822
SH3_VNAR,S86G_G91S_model,antigen-tail,203,SER,-1.4309399999999999,-1.8134100000000009,4.319560000000001,0.0,1.0752099999999998,1.8735013226309716,0.18735013226309716
SH3_VNAR,S86G_G91S_model,antigen-tail,207,GLU,-1.60904,-22.31115,25.636139999999983,0.0,1.7159499999999996,2.6885393966799143,0.2688539396679914
SH3_VNAR,S86G_G91S_model,antigen,121,GLU,-1.4757899999999997,7.694350000000002,1.2267999999999994,0.0,7.445360000000003,7.695244994826352,0.7695244994826351
SH3_VNAR,S86G_G91S_model,VNAR,82,GLU,-0.6076499999999999,36.77818000000001,-27.927600000000005,0.0,8.242930000000003,3.2905565676796877,0.3290556567679688
SH3_VNAR,S86G_G91S_model,antigen,122,GLU,-2.1294500000000003,-14.607529999999999,27.726289999999995,0.0,10.989309999999998,4.14925744608599,0.414925744608599
SH3_VNAR,S86G_G91S_model,antigen-tail,211,GLU,-1.5199999999999998,-14.351469999999997,27.455739999999995,0.0,11.584270000000002,5.557999046158606,0.5557999046158606
SH3_VNAR,S86G_G91S_model,antigen-tail,209,ASP,-2.24545,4.76603,12.286190000000001,0.0,14.806769999999997,6.520405976402084,0.6520405976402084
SH3_VNAR,S86G_G91S_model,VNAR,55,ASP,-1.8583899999999993,132.52503999999996,-105.04344999999998,0.0,25.623199999999997,7.671398568709644,0.7671398568709644
SH3_VNAR,S86R_Y92D_model,antigen,168,ARG,-5.13178,-49.81664,41.93773,0.0,-13.010690000000002,1.5606108399918137,0.15606108399918137
SH3_VNAR,S86R_Y92D_model,VNAR,46,ARG,-0.45319999999999966,-97.49065000000002,89.14075000000003,0.0,-8.803099999999997,1.5510667974010581,0.1551066797401058
SH3_VNAR,S86R_Y92D_model,antigen-tail,192,ARG,-1.1817599999999997,-59.37763000000002,54.05706999999998,0.0,-6.502319999999997,1.976526133801431,0.19765261338014312
SH3_VNAR,S86R_Y92D_model,antigen-tail,187,PRO,-2.58243,-0.4268999999999991,0.49266,0.0,-2.516669999999999,0.7523736844813205,0.07523736844813204
SH3_VNAR,S86R_Y92D_model,VNAR,84,TYR,-3.821919999999999,0.2762900000000005,1.1987399999999995,0.0,-2.3468899999999993,0.5811998949587013,0.05811998949587013
SH3_VNAR,S86R_Y92D_model,antigen-tail,189,PRO,-3.0896699999999995,-2.897130000000002,3.6689599999999998,0.0,-2.3178400000000003,0.5055680116463062,0.05055680116463061
SH3_VNAR,S86R_Y92D_model,VNAR,86,ARG,-2.426499999999999,-43.342879999999994,43.46039999999999,0.0,-2.308979999999998,2.1253597341626644,0.21253597341626645
SH3_VNAR,S86R_Y92D_model,antigen-tail,188,THR,-4.2725399999999985,-6.916139999999996,8.99266,0.0,-2.1960200000000003,1.8535175315059744,0.18535175315059743
SH3_VNAR,S86R_Y92D_model,antigen,161,TYR,-4.521600000000001,-1.3834599999999986,3.7924799999999994,0.0,-2.1125799999999986,0.8942485692468268,0.08942485692468269
SH3_VNAR,S86R_Y92D_model,VNAR,88,ASP,-1.0715299999999999,-26.690600000000007,25.95929,0.0,-1.8028399999999964,1.4699460107092388,0.14699460107092388
SH3_VNAR,S86R_Y92D_model,VNAR,91,GLY,-2.0378500000000006,1.0157000000000007,-0.7341999999999999,0.0,-1.7563499999999985,0.5097356643398622,0.05097356643398622
SH3_VNAR,S86R_Y92D_model,antigen-tail,191,PRO,-1.958309999999999,-0.7075300000000007,1.0299700000000003,0.0,-1.6358699999999993,0.6166004647257438,0.06166004647257438
SH3_VNAR,S86R_Y92D_model,VNAR,90,PRO,-1.30181,-8.239299999999998,7.946259999999999,0.0,-1.59485,0.8438870110980508,0.08438870110980508
SH3_VNAR,S86R_Y92D_model,antigen-tail,184,ILE,-1.1789299999999998,-1.4345899999999998,1.1053199999999999,0.0,-1.508199999999999,0.4401171434970482,0.04401171434970482
SH3_VNAR,S86R_Y92D_model,VNAR,57,LYS,-0.1682700000000001,-60.016139999999986,58.69623999999999,0.0,-1.4881700000000027,0.8377073958728064,0.08377073958728064
SH3_VNAR,S86R_Y92D_model,antigen,159,ASN,-1.21789,5.546979999999999,-5.704929999999999,0.0,-1.37584,0.6369600728460161,0.0636960072846016
SH3_VNAR,S86R_Y92D_model,VNAR,93,CYS,-2.5764299999999998,0.5553500000000001,0.70526,0.0,-1.3158200000000004,0.6828645016399678,0.06828645016399679
SH3_VNAR,S86R_Y92D_model,antigen,170,ASP,0.5240800000000003,-25.824970000000008,23.985469999999985,0.0,-1.3154199999999994,1.5619150244491529,0.15619150244491528
SH3_VNAR,S86R_Y92D_model,VNAR,30,SER,-2.839469999999999,5.4686600000000025,-3.9057100000000005,0.0,-1.27652,1.06030781832447,0.106030781832447
SH3_VNAR,S86R_Y92D_model,VNAR,33,TYR,-2.8088999999999995,-7.136499999999999,8.855670000000002,0.0,-1.089730000000001,1.0646774145721323,0.10646774145721323
SH3_VNAR,S86R_Y92D_model,antigen-tail,190,LYS,-1.14489,-13.501990000000005,13.57613,0.0,-1.070749999999999,0.5552421881485564,0.05552421881485564
SH3_VNAR,S86R_Y92D_model,antigen,121,GLU,-0.6908700000000002,0.31284,1.4297800000000007,0.0,1.05175,2.177844243168001,0.21778442431680012
SH3_VNAR,S86R_Y92D_model,antigen-tail,185,SER,-2.8095499999999993,-2.139720000000001,6.752320000000001,0.0,1.803049999999999,1.3660758717948298,0.136607587179483
SH3_VNAR,S86R_Y92D_model,antigen,163,GLU,-0.6460100000000003,22.06733,-19.610429999999997,0.0,1.8108900000000003,1.3629050729599617,0.13629050729599618
SH3_VNAR,S86R_Y92D_model,VNAR,26,SER,-2.38731,-3.0277100000000003,7.436120000000002,0.0,2.0210999999999992,1.0754141481308475,0.10754141481308474
SH3_VNAR,S86R_Y92D_model,antigen,122,GLU,-2.2815700000000003,-7.254240000000001,13.51077000000001,0.0,3.974960000000001,4.067718891270636,0.40677188912706363
SH3_VNAR,S86R_Y92D_model,VNAR,92,ASP,-2.8888599999999998,-6.5627200000000006,13.689329999999995,0.0,4.237750000000002,2.45711746717571,0.24571174671757098
SH3_VNAR,S86R_Y92D_model,VNAR,55,ASP,-0.3338399999999999,68.54846000000002,-63.96145999999999,0.0,4.253160000000002,4.573198212892156,0.4573198212892156
SH3_VNAR,WT_original_model,antigen,168,ARG,-1.1631999999999996,-51.072959999999995,46.09094,0.0,-6.145220000000003,2.351995555182863,0.23519955551828628
SH3_VNAR,WT_original_model,antigen-tail,187,PRO,-2.89468,-2.58985,2.5767400000000005,0.0,-2.9077899999999994,0.6041498372920422,0.060414983729204216
SH3_VNAR,WT_original_model,VNAR,82,GLU,0.5690500000000001,-7.601519999999999,4.864179999999999,0.0,-2.1682900000000003,1.8075222559902266,0.18075222559902265
SH3_VNAR,WT_original_model,VNAR,94,TYR,-4.7779300000000005,-2.3448500000000014,5.318339999999999,0.0,-1.804439999999999,0.9667511191614929,0.09667511191614929
SH3_VNAR,WT_original_model,VNAR,92,TYR,-3.45102,0.10360000000000114,1.5598599999999996,0.0,-1.7875599999999978,1.3127519058832107,0.13127519058832107
SH3_VNAR,WT_original_model,VNAR,91,GLY,-1.1653600000000002,-5.031089999999999,4.558719999999999,0.0,-1.63773,0.6072423215652889,0.06072423215652889
SH3_VNAR,WT_original_model,antigen-tail,184,ILE,-1.7070999999999998,-1.080980000000001,1.15815,0.0,-1.6299300000000005,0.7396617234249722,0.07396617234249722
SH3_VNAR,WT_original_model,VNAR,90,PRO,-1.7154299999999991,-2.184179999999999,2.57989,0.0,-1.31972,1.2308771188059342,0.12308771188059342
SH3_VNAR,WT_original_model,antigen,161,TYR,-1.5930200000000005,0.2112299999999996,0.21201,0.0,-1.16978,0.32515505778013076,0.03251550577801308
SH3_VNAR,WT_original_model,VNAR,96,GLU,-1.6511600000000006,-4.328239999999998,7.69299,0.0,1.7135900000000008,2.2664459097670964,0.22664459097670964
SH3_VNAR,WT_original_model,antigen,163,GLU,-2.2388099999999995,24.479260000000004,-19.621750000000002,0.0,2.6187000000000014,1.760207246320724,0.17602072463207238
SH3_VNAR,Y84A_S85T_model,VNAR,46,ARG,-1.2942700000000003,-103.50195000000002,93.29865,0.0,-11.497570000000001,2.0022096356525414,0.20022096356525415
SH3_VNAR,Y84A_S85T_model,antigen,135,ASN,-0.6380999999999999,-14.792110000000001,9.064649999999997,0.0,-6.36556,1.445061474955285,0.1445061474955285
SH3_VNAR,Y84A_S85T_model,antigen-tail,187,PRO,-4.24083,-3.7573099999999977,2.8845099999999997,0.0,-5.11363,1.0711549528896391,0.10711549528896391
SH3_VNAR,Y84A_S85T_model,VNAR,92,TYR,-2.4224099999999997,-7.49473,5.824490000000002,0.0,-4.092650000000001,1.3260921037016984,0.13260921037016984
SH3_VNAR,Y84A_S85T_model,antigen-tail,188,THR,0.07898000000000001,-15.63893,11.749350000000002,0.0,-3.8106,1.278037503362087,0.1278037503362087
SH3_VNAR,Y84A_S85T_model,VNAR,94,TYR,-5.56207,-10.47602,12.238270000000002,0.0,-3.7998200000000013,1.1471693718017297,0.11471693718017298
SH3_VNAR,Y84A_S85T_model,antigen-tail,184,ILE,-3.8882299999999996,-1.0682499999999995,1.3644599999999998,0.0,-3.5920199999999993,0.5083872339073741,0.0508387233907374
SH3_VNAR,Y84A_S85T_model,VNAR,44,TRP,-5.504300000000001,2.8458000000000006,-0.7326199999999998,0.0,-3.391119999999999,0.5834359481554099,0.05834359481554099
SH3_VNAR,Y84A_S85T_model,antigen,170,ASP,0.4636299999999999,-20.204089999999997,16.689179999999997,0.0,-3.0512800000000015,1.3213403049933785,0.13213403049933786
SH3_VNAR,Y84A_S85T_model,antigen-tail,205,LYS,-1.3720999999999999,2.3487800000000005,-3.9761799999999994,0.0,-2.9995000000000003,0.877061257837791,0.0877061257837791
SH3_VNAR,Y84A_S85T_model,VNAR,41,ALA,-2.8195399999999995,-5.418810000000001,5.342049999999998,0.0,-2.896300000000001,1.1155217747762671,0.11155217747762672
SH3_VNAR,Y84A_S85T_model,antigen,142,LEU,-3.2634099999999995,-1.493339999999999,1.8917799999999991,0.0,-2.864970000000001,0.4980005713852116,0.04980005713852116
SH3_VNAR,Y84A_S85T_model,antigen-tail,185,SER,-3.021199999999999,-7.956270000000003,8.138359999999999,0.0,-2.8391099999999994,1.2452488819107626,0.12452488819107625
SH3_VNAR,Y84A_S85T_model,VNAR,42,THR,-6.158800000000002,-8.848970000000001,12.552470000000001,0.0,-2.4552999999999994,1.7891112123062671,0.17891112123062672
SH3_VNAR,Y84A_S85T_model,VNAR,43,LYS,-3.5430900000000003,-48.594989999999996,49.97102999999999,0.0,-2.1670500000000015,0.9230530577924517,0.09230530577924517
SH3_VNAR,Y84A_S85T_model,antigen-tail,186,PRO,-2.0844099999999997,-6.257240000000003,6.219829999999999,0.0,-2.12182,0.9831713114203416,0.09831713114203416
SH3_VNAR,Y84A_S85T_model,antigen,122,GLU,-0.35600000000000004,-17.367079999999998,15.901309999999993,0.0,-1.8217700000000017,1.4831047357149116,0.14831047357149116
SH3_VNAR,Y84A_S85T_model,VNAR,33,TYR,-2.5174599999999994,-3.450100000000002,4.222670000000001,0.0,-1.744890000000001,0.49600477608587545,0.049600477608587545
SH3_VNAR,Y84A_S85T_model,VNAR,39,LYS,-0.6848600000000001,-61.066980000000015,60.02370000000002,0.0,-1.7281399999999991,1.5118788775560046,0.15118788775560046
SH3_VNAR,Y84A_S85T_model,antigen-tail,203,SER,-2.095339999999999,-5.638740000000002,6.228460000000004,0.0,-1.5056200000000002,1.088299001010294,0.1088299001010294
SH3_VNAR,Y84A_S85T_model,antigen-tail,202,GLY,-1.36373,-5.760240000000003,5.733869999999999,0.0,-1.3901000000000008,1.0461424807357753,0.10461424807357753
SH3_VNAR,Y84A_S85T_model,VNAR,91,GLY,-1.1043799999999997,-4.445760000000001,4.276909999999999,0.0,-1.2732299999999996,1.026546928834721,0.1026546928834721
SH3_VNAR,Y84A_S85T_model,antigen,138,SER,-1.7957700000000003,-4.260000000000003,4.799469999999999,0.0,-1.2563000000000004,0.4955496645140637,0.04955496645140637
SH3_VNAR,Y84A_S85T_model,antigen,161,TYR,-2.3587099999999994,-3.678429999999998,4.986520000000003,0.0,-1.0506200000000003,1.3738117031092716,0.13738117031092717
SH3_VNAR,Y84A_S85T_model,VNAR,101,ILE,-0.9845,-0.97697,0.96085,0.0,-1.0006200000000005,0.6706157585383752,0.06706157585383751
SH3_VNAR,Y84A_S85T_model,VNAR,2,GLU,-0.8990199999999997,-9.445430000000002,11.520369999999998,0.0,1.1759199999999992,1.1845067047509685,0.11845067047509686
SH3_VNAR,Y84A_S85T_model,antigen-tail,211,GLU,-1.1,-32.80056,35.482040000000005,0.0,1.5814799999999998,2.374172653704865,0.23741726537048652
SH3_VNAR,Y84A_S85T_model,VNAR,82,GLU,-1.0508000000000002,-0.7726999999999995,6.807070000000003,0.0,4.983570000000001,1.8315244211039123,0.18315244211039122
SH3_VNAR,Y84A_S85T_model,VNAR,1,VAL,-1.7905199999999997,-15.29187000000001,22.321280000000005,0.0,5.238889999999999,2.6164261346156885,0.26164261346156886
SH3_VNAR,Y84A_S86G_model,antigen-tail,190,LYS,-0.75428,-69.55324,64.71165,0.0,-5.595869999999999,1.9043415169291462,0.1904341516929146
SH3_VNAR,Y84A_S86G_model,antigen,135,ASN,-2.3143000000000007,-17.05006,13.983180000000004,0.0,-5.381180000000003,0.9684601424942426,0.09684601424942427
SH3_VNAR,Y84A_S86G_model,VNAR,90,PRO,-2.4040299999999992,-6.459560000000002,4.719390000000001,0.0,-4.144199999999999,1.21722914030186,0.12172291403018601
SH3_VNAR,Y84A_S86G_model,VNAR,43,LYS,-3.1395799999999996,-57.01418999999998,56.13371000000002,0.0,-4.02006,1.1013679840997717,0.11013679840997717
SH3_VNAR,Y84A_S86G_model,antigen-tail,192,ARG,-1.8704599999999996,-51.36592,49.28849000000001,0.0,-3.9478899999999997,2.36922786533925,0.236922786533925
SH3_VNAR,Y84A_S86G_model,antigen,140,VAL,-3.8174300000000003,-5.918770000000002,6.077120000000001,0.0,-3.659079999999999,0.7278186955554249,0.07278186955554249
SH3_VNAR,Y84A_S86G_model,antigen-tail,189,PRO,-2.7753300000000007,-6.1393299999999975,5.558859999999999,0.0,-3.3558000000000017,0.6886476602733693,0.06886476602733693
SH3_VNAR,Y84A_S86G_model,VNAR,28,ALA,-2.2781599999999993,-6.426740000000003,5.5248,0.0,-3.1800999999999995,0.40370391377840237,0.04037039137784024
SH3_VNAR,Y84A_S86G_model,VNAR,94,TYR,-2.7470999999999997,-7.061459999999999,6.729200000000003,0.0,-3.07936,0.759605891499007,0.0759605891499007
SH3_VNAR,Y84A_S86G_model,VNAR,62,LYS,-0.12556999999999988,-72.16226,69.23222000000001,0.0,-3.0556099999999997,1.6819768303695495,0.16819768303695495
SH3_VNAR,Y84A_S86G_model,antigen-tail,211,GLU,-3.043619999999999,-20.892519999999994,20.968769999999992,0.0,-2.9673700000000003,1.4802841730897458,0.1480284173089746
SH3_VNAR,Y84A_S86G_model,VNAR,27,TYR,-5.272039999999999,-4.733970000000002,7.18091,0.0,-2.8250999999999977,0.8368097573522955,0.08368097573522955
SH3_VNAR,Y84A_S86G_model,antigen-tail,210,VAL,-3.073170000000002,-0.9038100000000009,1.2301499999999996,0.0,-2.746829999999999,0.6908853603167506,0.06908853603167506
SH3_VNAR,Y84A_S86G_model,antigen-tail,198,PRO,-2.8528100000000007,-1.7559799999999997,2.0753000000000004,0.0,-2.53349,0.6838533540898948,0.06838533540898947
SH3_VNAR,Y84A_S86G_model,antigen,182,LYS,-0.24021999999999988,-60.069019999999995,57.916390000000035,0.0,-2.3928499999999984,1.9231788391878688,0.19231788391878687
SH3_VNAR,Y84A_S86G_model,antigen,136,LYS,-1.7915900000000007,-35.487539999999996,34.91700999999998,0.0,-2.3621199999999973,0.6924602844929085,0.06924602844929086
SH3_VNAR,Y84A_S86G_model,antigen,141,ALA,-2.8583399999999997,-4.71125,5.214930000000001,0.0,-2.354659999999999,0.8319783677476242,0.08319783677476242
SH3_VNAR,Y84A_S86G_model,antigen-tail,186,PRO,-0.9867900000000005,-5.3330400000000004,3.9876799999999997,0.0,-2.3321500000000004,0.9359105873426179,0.0935910587342618
SH3_VNAR,Y84A_S86G_model,antigen,137,GLY,-1.96182,-8.672389999999998,8.53943,0.0,-2.0947800000000005,0.9045381979772898,0.09045381979772898
SH3_VNAR,Y84A_S86G_model,VNAR,88,ASP,-3.3199700000000014,-43.56485999999999,44.841400000000014,0.0,-2.0434300000000003,3.1344857481092494,0.3134485748109249
SH3_VNAR,Y84A_S86G_model,VNAR,44,TRP,-4.12966,0.5200699999999986,1.7652299999999999,0.0,-1.8443600000000018,0.668843068589337,0.06688430685893369
SH3_VNAR,Y84A_S86G_model,antigen-tail,197,LEU,-1.9016000000000006,0.005810000000000315,0.15656000000000003,0.0,-1.7392300000000005,0.5582865188234454,0.05582865188234454
SH3_VNAR,Y84A_S86G_model,VNAR,87,CYS,-1.8318299999999998,-4.863230000000001,5.066309999999999,0.0,-1.6287500000000004,1.4449263398180534,0.14449263398180534
SH3_VNAR,Y84A_S86G_model,antigen-tail,209,ASP,-2.847099999999999,16.439359999999994,-15.17385000000001,0.0,-1.5815899999999978,1.2788681487549847,0.12788681487549847
SH3_VNAR,Y84A_S86G_model,VNAR,35,TYR,-1.9820899999999995,0.8964400000000002,-0.41019,0.0,-1.49584,0.5018595165980215,0.05018595165980215
SH3_VNAR,Y84A_S86G_model,antigen,106,GLU,-0.4396700000000001,-37.92228999999999,37.25134,0.0,-1.110619999999997,2.639527665246187,0.26395276652461874
SH3_VNAR,Y84A_S86G_model,antigen-tail,195,ARG,-2.23011,-34.65149000000001,35.87590000000002,0.0,-1.0056999999999983,1.9550205088438304,0.19550205088438305
SH3_VNAR,Y84A_S86G_model,VNAR,26,SER,-1.7840700000000005,0.8237499999999994,2.0507900000000006,0.0,1.0904699999999996,1.2955096329630287,0.12955096329630286
SH3_VNAR,Y84A_S86G_model,VNAR,96,GLU,-1.0086199999999996,-28.051719999999992,30.253550000000008,0.0,1.1932100000000019,1.7095162958860615,0.17095162958860616
SH3_VNAR,Y84A_S86G_model,VNAR,89,ASP,-1.8165600000000013,-23.29826999999999,26.514480000000017,0.0,1.3996499999999992,2.969818012521979,0.2969818012521979
SH3_VNAR,Y84A_S86G_model,VNAR,30,SER,-1.8736,-0.43510000000000026,3.7525299999999993,0.0,1.443830000000001,1.0548112253384483,0.10548112253384483
SH3_VNAR,Y84A_S86G_model,antigen,163,GLU,-0.6503,42.17333000000001,-39.57734,0.0,1.945690000000001,1.3688011228443673,0.13688011228443672
SH3_VNAR,Y84A_S86G_model,VNAR,82,GLU,-1.3348499999999996,-9.24183,15.442429999999996,0.0,4.86575,1.8737103318015835,0.18737103318015835
SH3_VNAR,Y84R_S85T_model,VNAR,84,ARG,-1.6603199999999998,-72.27041999999997,67.49346,0.0,-6.437279999999999,1.6898796529930766,0.16898796529930765
SH3_VNAR,Y84R_S85T_model,antigen,167,GLU,-0.20573,-45.88147999999999,40.95691999999999,0.0,-5.13029,1.8937448101315064,0.18937448101315063
SH3_VNAR,Y84R_S85T_model,antigen,135,ASN,-2.67611,-13.474360000000004,11.145209999999995,0.0,-5.005260000000002,1.1764118634219787,0.11764118634219786
SH3_VNAR,Y84R_S85T_model,antigen,168,ARG,-3.9412599999999993,-9.824419999999998,10.21791,0.0,-3.547769999999998,1.973692270112035,0.1973692270112035
SH3_VNAR,Y84R_S85T_model,VNAR,44,TRP,-4.722169999999999,1.9268700000000007,-0.14283000000000004,0.0,-2.938129999999997,0.7283671554236971,0.07283671554236971
SH3_VNAR,Y84R_S85T_model,VNAR,43,LYS,-2.2546,-78.62868999999999,78.22903000000004,0.0,-2.654259999999998,3.0000371651697924,0.3000037165169792
SH3_VNAR,Y84R_S85T_model,antigen,157,TRP,-2.33092,-0.5285800000000003,0.4526600000000001,0.0,-2.4068400000000003,0.8202129445454993,0.08202129445454993
SH3_VNAR,Y84R_S85T_model,VNAR,94,TYR,-4.463420000000001,-3.2278899999999986,5.322620000000001,0.0,-2.3686900000000017,0.7780737586501648,0.07780737586501649
SH3_VNAR,Y84R_S85T_model,antigen,161,TYR,-4.62718,-0.76851,3.183270000000001,0.0,-2.212420000000001,1.2584948087298542,0.12584948087298542
SH3_VNAR,Y84R_S85T_model,antigen,106,GLU,-0.70857,-30.10816,28.76157000000001,0.0,-2.055160000000001,2.8537203427105466,0.2853720342710547
SH3_VNAR,Y84R_S85T_model,VNAR,96,GLU,-2.0252499999999998,-43.21361000000001,43.38830999999998,0.0,-1.8505500000000001,3.836441779500896,0.3836441779500896
SH3_VNAR,Y84R_S85T_model,antigen,138,SER,-2.58985,-2.923679999999999,4.032489999999999,0.0,-1.4810400000000004,0.6287258849451005,0.06287258849451005
SH3_VNAR,Y84R_S85T_model,VNAR,46,ARG,-0.70854,-56.74360999999999,56.10932,0.0,-1.342830000000001,1.3934487507978188,0.13934487507978188
SH3_VNAR,Y84R_S85T_model,VNAR,82,GLU,-0.8994700000000002,22.42194,-22.84334999999999,0.0,-1.3208799999999998,2.1300950179745475,0.21300950179745476
SH3_VNAR,Y84R_S85T_model,antigen,142,LEU,-1.3778800000000004,-0.5772100000000006,0.6455999999999998,0.0,-1.3094900000000012,0.6323014232943003,0.06323014232943003
SH3_VNAR,Y84R_S85T_model,VNAR,42,THR,-1.7695500000000002,-3.7110900000000004,4.259410000000002,0.0,-1.2212300000000003,0.9598921799348088,0.09598921799348088
SH3_VNAR,Y84R_S85T_model,VNAR,35,TYR,-1.7350100000000004,-0.08340999999999908,0.63866,0.0,-1.17976,0.4353774481986845,0.043537744819868454
SH3_VNAR,Y84R_S85T_model,antigen,159,ASN,-2.9603899999999994,-4.2725800000000005,6.133779999999999,0.0,-1.0991900000000001,0.9339062768286762,0.09339062768286763
SH3_VNAR,Y84R_S85T_model,antigen,141,ALA,-1.80857,-1.28083,2.0179399999999994,0.0,-1.0714599999999996,0.3903779302163489,0.03903779302163489
SH3_VNAR,Y84R_S85T_model,antigen,119,GLU,-0.14158000000000004,-17.65398,19.09536,0.0,1.2997999999999996,2.39190478489425,0.23919047848942498
SH3_VNAR,Y84R_S85T_model,antigen,163,GLU,-0.44271,5.465139999999999,-3.6019099999999997,0.0,1.42052,1.8067558799129448,0.1806755879912945
SH3_VNAR,Y84R_S85T_model,VNAR,92,TYR,-0.5643499999999999,-3.9759999999999995,6.000360000000001,0.0,1.460009999999998,0.8193461477910312,0.08193461477910312
SH3_VNAR,Y84R_S85T_model,VNAR,1,VAL,-0.48824000000000006,10.5089,-6.976919999999998,0.0,3.043740000000001,1.7488500600108627,0.17488500600108628
SH3_VNAR,Y84R_S85T_model,antigen,170,ASP,-0.70063,-21.370800000000003,25.737599999999997,0.0,3.666169999999998,2.786156363361543,0.2786156363361543
